tier,score,client,sector_guess,source_name,source_domain,published_at,title,url,summary,topics,why_it_matters
MENTIONED,10,Severn Trent,Water,Google News: Severn Trent,news.google.com,2026-07-10T14:01:19+00:00,"No hosepipe ban planned for Nottinghamshire, says Severn Trent - West Bridgford Wire",https://news.google.com/rss/articles/CBMilwFBVV95cUxNaEh4V0lHa0JVTXpKaGxtTUptU0EwZnJTNEZZbWNkaS1LcUJESHBRS0lGU0hHRHI3TXdwTzlfZ3V5cEc3YlhUVU9oLUFaUXFtZXBmdm00aDBsZ2E0aWdzM21EaHV6bUx6YlFldVlfVHhBZ1dzX2poWkhsZ0hDZ3BlRWt4ZnVqQUxiVy1UT3pnQ0JtckVFM01V?oc=5,"No hosepipe ban planned for Nottinghamshire, says Severn Trent West Bridgford Wire",media_and_events,
MENTIONED,10,Scottish Water,Water,Google News: Scottish Water,news.google.com,2026-07-09T08:30:00+00:00,Public invited to have say on future Scottish Water charges - Dunoon Observer and Isle of Bute News,https://news.google.com/rss/articles/CBMikAFBVV95cUxNSG44UVFqcm1SMm41WWdQYkdFakdkdlpVODNKMWYxcjlnYVVtMjA2WmVSRDhKRnZLTVFDZEdnamV2MFZoQ2ZBaHZxVjAzeVExRkZ5ZktPSlpwaWhuYWJBWk5IMDV4X3lsb29HN2NkWXdJX0o0VVFuOHVyOW8yNU9pMTVrNFZBWmJ4ZFk0VF84RUo?oc=5,Public invited to have say on future Scottish Water charges Dunoon Observer and Isle of Bute News,media_and_events,
MENTIONED,10,SSEN,Electricity,Google News: SSEN,news.google.com,2026-07-09T11:56:25+00:00,SSEN Transmission lodges plans for Balallan Switching Station - Scottish Construction Now,https://news.google.com/rss/articles/CBMirwFBVV95cUxPVTVjYkpQQUMydzFUd0gtaFR6UWEzcF9Xa0FLZEhEaUEzNldsSDZJZVNhM0tmamxQUHdRYTNZNWxWYUZLdnBvZF84U1RkMVAwbVdncUxuXzV6ZWRkTFc0ZXV1aWwtMnR0Y3ZCSW01TDNkMDBVTmVKcXFZeTFCYTVLaDZPaVlOaTVXckNMZ2JzQTNBTUhHTENjSmhFQmdJTmlUTHdjdDE2c3F6ZzZMOUJJ?oc=5,SSEN Transmission lodges plans for Balallan Switching Station Scottish Construction Now,media_and_events,
MENTIONED,10,Informa,Media,Google News: Informa,news.google.com,2026-07-09T12:45:05+00:00,"Former Thomson Reuters Chief Named Chair-Elect of Informa, Set to Succeed John Rishton in 2027 - Trade Show News Network",https://news.google.com/rss/articles/CBMi1wFBVV95cUxNUWlrQ3FiaUVUdlNRWUFrVFFrQVJBZEdVWGZQOHFLRFF6WVBuVVRDSHh2XzZiNmVoOV9CRmFDZjd0UUlHOV9xbjc0NnNfWi1Sa2FEMTI0V3p1WUM2TzNyT0NDUUowMmtnY1dwR09hNlRPeHM1RTF3eWxOSDgzZkt5NjkwbEFpOFYxZk5zQUEyazF0NWRsYzdUZWJhamd0VDIzR1Y1b3ZpMEhZQTh4TVdvY2FpbUdrdEM3dm44b2tWdlh5YXlKTjNSS1hfUEk3NVFJZmsyZWphUQ?oc=5,"Former Thomson Reuters Chief Named Chair-Elect of Informa, Set to Succeed John Rishton in 2027 Trade Show News Network",media_and_events,+1 other outlet covered this
MENTIONED,9,Thames Water | Ofwat,Water,Google News: Thames Water,news.google.com,2026-07-07T04:30:49+00:00,Ofwat backs Thames Water resilience scheme – but orders major rethink before next stage - Water Magazine,https://news.google.com/rss/articles/CBMiyAFBVV95cUxNb2VEWGJnN0hXalNHaGZaMy1HWWk3VHVlRGljejI3aTlvb1lZaC12QU93Y2NnS1BnZHRkbjlLZllvbVMtOWFaZ3JRWEdxdXQxN3FlS1I4RGZiZHFzRFpOc0lONEZaaS1yWWhXRC1XQWZhODZnRTc2N2c1emN4MWk5bmNXSHN4TnBhRzFwWFJJczh5RGdrdXhLY1p6MXNyd1BnaEhCUDUydzYyUjE3MzItWnhZNzhwMnRYTjc1WmU5bzRGOWR3c3FoSw?oc=5,Ofwat backs Thames Water resilience scheme – but orders major rethink before next stage Water Magazine,,
MENTIONED,9,BT Group | Virgin Media O2,Telecoms,Google News: Virgin Media O2,news.google.com,2026-07-11T08:00:00+00:00,Virgin Media O2 accuses BT of ‘choking off’ broadband competition - The Telegraph,https://news.google.com/rss/articles/CBMipAFBVV95cUxOOFlzRjZPYWE5RWZwb3BxTGRQcTNZLTNtQUsySmd0M2RGZXdCRTMtUldidF92enNFYXE1ZjVsYm9QV2hhbVVwU3FxdW9PdDgyRVFnTWdnNzZtSmNDN3VUMEozTEZvYngyUGRUa2tjQzRBandhV2hzcG54cWhlMFNCeE01QUlDWlE3WmhZTVI0NEMyNTJLQ0FKbnkyYk1YUk5qZXM4UA?oc=5,Virgin Media O2 accuses BT of ‘choking off’ broadband competition The Telegraph,,+1 other outlet covered this
MENTIONED,8,Severn Trent,Water,Google News: Severn Trent,news.google.com,2026-07-12T07:24:15+00:00,Severn Trent issues water-saving warning after highest-ever daily demand - West Bridgford Wire,https://news.google.com/rss/articles/CBMipgFBVV95cUxOVF9xdTExV2FtZWZQNG5JTVdlbXhPWTlJV01UQTFkQjlIMTdWd3duMVdqa1pRYnRrN1pRVFQyTzFJQnNsMkUtRW9Dd2JGQnZMVDVXREM3RzE2SktqUXRKcUkycFM0dlpxUVJsUUtNWDlrQm02V3RNSnIxY050d2VDZ2UtcFE4dFBXZ3ZLSkYzMy1SOTVNSmVOcm9OWE1iVk1QQ0xEOE1n?oc=5,Severn Trent issues water-saving warning after highest-ever daily demand West Bridgford Wire,,+1 other outlet covered this
MENTIONED,8,Severn Trent,Water,Google News: Severn Trent,news.google.com,2026-07-09T07:19:00+00:00,Severn Trent keeps 2027 targets unchanged - Proactive Investors,https://news.google.com/rss/articles/CBMitAFBVV95cUxPRWpsQTY0ME5UUklCWFozN2UxbFZCSjFHNkF1Y2FMeE1NUFpOaHNyZnc4eDF4dTI1aUZKRE9YOWgwenRSOF9SdkRKUzNhR2h3WF85XzZraThOVmNIWGNaREJaUU5YV1RuVWItRVQ5anhzTFNJNkRYcnZVNVJpZE1BemFCVDNRMnNmc0ZhNGxNdm90NXpPajA1NUpubUNFd3k2M3pySUdPVTY1eW5vUks5SzhaQjg?oc=5,Severn Trent keeps 2027 targets unchanged Proactive Investors,,
MENTIONED,8,Severn Trent,Water,Google News: Severn Trent,news.google.com,2026-07-09T07:13:31+00:00,Severn Trent Accelerates FY27 Capital Spending While Strengthening Funding Position (SVT) - Yahoo Finance UK,https://news.google.com/rss/articles/CBMijwFBVV95cUxNZnp0eHJOUVdjZ0hUOEFOUFdoSlZuUTBCbmpJa2FDM1dCVUVhbENqQk1Mc013VVpWZVk5RnotZ3pyRk44Y2c3eEFZNHRTeFJQaklRd3pqSVkwbFA2ak53YjdESkJ0R0xlRnNDa1ZBeEpBMkU3N3BBVkV6N2FpdUxRakZNVnlodGZjN1lRSTdzVQ?oc=5,Severn Trent Accelerates FY27 Capital Spending While Strengthening Funding Position (SVT) Yahoo Finance UK,,
MENTIONED,8,United Utilities,Water,Google News: United Utilities,news.google.com,2026-07-09T14:12:29+00:00,Barhale wins United Utilities storm overflow reduction scheme in Stockport - New Civil Engineer,https://news.google.com/rss/articles/CBMixAFBVV95cUxPbGNGT2VsVWhSNjN0eW1PNld5VnIzZFM3WFdreXl1M0k0S1JrelU1UlQ0bEg1U2FUX19iR0tkSWJBZEtsZGNpVzV5Y1lrcFJuZ05NWjBsVlFuSjVPcWRicDRibDc3cVNjdkdPWF9xbndqQ2FSendyQmVsb3VLaUFHZXUwc2NXOUxDMHVuZy1uX1Nwd1p2MERiWkI4bW13VU92eTZ5SjJ6dmhXekpTZG92bkJ3MU94SEt6eFRpbzFxMjJHbElz?oc=5,Barhale wins United Utilities storm overflow reduction scheme in Stockport New Civil Engineer,,+1 other outlet covered this
MENTIONED,8,United Utilities,Water,Google News: United Utilities,news.google.com,2026-07-10T12:58:00+00:00,United Utilities issues statement after millions across England issued hosepipe ban - Manchester Evening News,https://news.google.com/rss/articles/CBMitgFBVV95cUxQTG1wQ2Y1dW1nYUdEdVhJMVFsS0tBTVV2OVZsa3NSdjQzZUEzRktGa2QzTWdpdVp0ME9JaGtWYkZEREF5ZVZjSU5YM01fX0dQcnFsVzY5RlpoSDlTUHFaQ09GdFJhMDZQNHNEeThQa0xtRG44QjI4Nk16SHlGTXQzNHo2WktqQVZFemFFODRRMUVyZG1hbllQaG85RTdnRmFwanFHLTFqUktXNHFtaTZfU25xak8tUdIBuwFBVV95cUxONktaREc3MVFYaEZXV1BpSnRUaF9idU9XZ0RaMzJCYXM2NmUzMmZpeHk3MXB2YVUtbG8xRG1TM0Q3ZHMyalpPLTFScWVXclN2NFRwRnBpbXlDX0kwOGF3UnJ5eVZzLWx3Y1BJM0F2VWlRTWNWQUtVWGQ2UHdXZ1RZTXhpTnh1UVh4TS1xY0xsX3RmTmNxd2czODlKWU9JWmhCSnpTb0dvN0UtSk9zX1B2UU1RUC1mUm9BTVhj?oc=5,United Utilities issues statement after millions across England issued hosepipe ban Manchester Evening News,,
MENTIONED,8,Yorkshire Water,Water,Google News: Yorkshire Water,news.google.com,2026-07-10T04:00:00+00:00,Yorkshire Water warning as heatwave sends water use soaring - Telegraph and Argus,https://news.google.com/rss/articles/CBMipAFBVV95cUxNdHAzSUEzNS1NVWRNUm9BUVJPMDU4a090RVN5RDVsbnJHdzZxYWRCMkRTUVNtWU1RR3p6Tk5iMDRXVU8tQTJ4eVZyNnduVWNRY2JKUzE0dVY2V2gtU0dfdzVRMVliTjlsVWMxMElXaHJHSS1mcnpJYmhjeHRjWl9TVFhoc25ucFJvclY4SWZIRXM5MTl5eVl1UVpvVjc5MmYxeUhsdA?oc=5,Yorkshire Water warning as heatwave sends water use soaring Telegraph and Argus,,
MENTIONED,8,South West Water,Water,Google News: South West Water,news.google.com,2026-07-10T15:00:00+00:00,Prolonged heatwave drives exceptional demand - South West Water,https://news.google.com/rss/articles/CBMihwJBVV95cUxOeUNyREVQR0s1ZTFFZzhfazRFRi1YTjZZN09jSFdjWklpb1dLM0Zia0l1MXBkcE5CeGllaXBIdlYzZlRNUGc2UWNRaURaSG1TZUU3alhTa2VsNFp3UmhXenRHSnh4UzlJX1dnMGk1RXZwWkRFRVlxV2o2dGdSOUpNN19zeE5oeXRGcDlvTl9wTGhiV2cyekhUNDZpZndQT3d4enBnSi1yTU43Vlc1Zk1PV0sxVXlHNUw3aVljc09KemtRN21ISWNJcjJkYzI4ekRuR1BjSjFOYnJoZVZFU1V5QVRNRHVTR1dVQUhYN1hqWDBWOUQ0UV9KbllZR2Jja3hEWHRwMk5PZw?oc=5,Prolonged heatwave drives exceptional demand South West Water,,
MENTIONED,8,National Grid,Electricity,Google News: National Grid,news.google.com,2026-07-12T16:00:00+00:00,National Grid’s multi-year project to enhance transmission line capacity - Athol Daily News,https://news.google.com/rss/articles/CBMirwFBVV95cUxQcXNJUExkdW12ODliczZqVWNISnc4RUNKa3k3eGFZQUZDVXRlQmF4RGY2SkZ2ZlQ0dFE5V1VoSlY5bUt1WkRBY0ZTTHVjVEJLSzJXMzhKOUFVRmVqUDhIRTFIXzl4WWlGZUF1WjVCX3ZMc1lOUV9BSlBLRHNQbkhDZGRFSkFfcHZYYV9vc19hX3VWOVpMWjRJRHRiT1RWTzFQV3VNZUdoc1J5Z19kVVVZ?oc=5,National Grid’s multi-year project to enhance transmission line capacity Athol Daily News,,
MENTIONED,8,SSEN,Electricity,Google News: SSEN,news.google.com,2026-07-10T13:27:43+00:00,SSEN Transmission Partners With Van Oord And Sumitomo On Shetland 2 HVDC Link - Ocean News & Technology,https://news.google.com/rss/articles/CBMiugFBVV95cUxNQ2tNZnhUTmhabzVxY05FX29DbjFHMkc1RkxwNm16NWt3LTMtX0hXMkd2bFJXMHhLZ0FaZGRvSzlMZkFmY2hPMi0tSVBlQWltcVRXYWQ5Z2NkaWRLYmF1U2JmcWRnRmhYYTZTYnVoYS12dmNQMDlWbkY3NW5wUlhQZGtWX0VyRHpyTnRQR2JrMERyUnczc3o1c1ZQS1BBcDdxZFBQVW52dm45SmtIbmFUOVdEZDlDUG90Wnc?oc=5,SSEN Transmission Partners With Van Oord And Sumitomo On Shetland 2 HVDC Link Ocean News & Technology,,+3 other outlets covered this
MENTIONED,8,SSEN,Electricity,Google News: SSEN,news.google.com,2026-07-10T07:27:39+00:00,SSEN strengthens Northern Scotland grid - Transformer Magazine,https://news.google.com/rss/articles/CBMihAFBVV95cUxQN3pvMGY3aUVDc0w5anZTZElKRURvV2pMNXlFb2JoUkV2V3BzSW1UemZsNDVSQU1qR1ZKcUR5bVBRZkIwQ00taE1XdkJSR19iQXpwdTVOSG1Gd0ZhT0I4UXp4UkdYVUpmT1NPR2ZET002NDVtd0NualZiZ2RTdUYxRUxfNXE?oc=5,SSEN strengthens Northern Scotland grid Transformer Magazine,,
MENTIONED,8,Ofgem,Regulator,Google News: Ofgem,news.google.com,2026-07-08T08:02:13+00:00,Ofgem promises to regulate brokers without undermining the market - Energy Live News,https://news.google.com/rss/articles/CBMiUkFVX3lxTE1sdjUxMnRFc3dBcUVxSTFJeUlOMkhYWllHSV8zTTNKSHpQNjZuaTN0eVd4NU85M0dtWmV4NzljbXVNYU0xb3dWVHJad0xZWTAtV3c?oc=5,Ofgem promises to regulate brokers without undermining the market Energy Live News,,
MENTIONED,8,Ofgem,Regulator,Google News: Ofgem,news.google.com,2026-07-07T05:14:36+00:00,Ofgem approves rule changes for UK frequency response markets - pv magazine Global,https://news.google.com/rss/articles/CBMiowFBVV95cUxPR0E1TGF4b3NOTmlQZDB3MUQ0NWVIaUstb2F3UGtsbUZWT2FQRXpxeXJiUFdHZTdPcmc2N0VaOUZ2a2FMaHZRRkNSOHhJeldpaW9lM0V0NlRBMW5rQUZIWUNEWlk0ZnFtU0VqNC1zVkVNUEhWT0hTNFVDTFJMdzZmYzkyR1pvNGdXVURUOHRuc19KTURRMU1leWJpQkxBMHc5SU0w?oc=5,Ofgem approves rule changes for UK frequency response markets pv magazine Global,,
MENTIONED,8,Energy UK,Industry Body,Google News: Energy UK,news.google.com,2026-07-10T12:19:57+00:00,Approval of UK's second-largest solar farm 'a step towards cheaper power' says Solar Energy UK - Trending Now Sustainable Construction,https://news.google.com/rss/articles/CBMi3wJBVV95cUxPUmhsZl9FZFY1OVBIZnJGREl6NUNmZnNub0QtU25kdDhwN29EZmJRMFFoR3hZbzZqdHJKcWhkUDh0TDlVY1N4clhnTUJ5clZEQkprSDAzbjhXaHN1Q29iQllndGs2TFA0aS1EOHBxZ3FxbVhPLWdkR3dTTFcwN09INDktR3hmVk5oMXFyOFVZdFp1NXVNajR4S25yMW5LLWQwWHVSYmJ6S3lscm5xT3poc0VUWlU1Z245ZXI2aXBZdjZ2eFphOW9FYnFJdzJUOFJUa1dyOENyV0p4NTE5N3I5YjBoOHE2NTh3cU96V1dhR0FhbVRFWVF2Ny1kQ1ZtRVpDdkVCdHB0RGM0emlsbjlEd3BUM2xNdVBrM0c2dmxGYk8xZ0tab2Y5ZG5ENHdjdFdHNlRqQTRra3lWZElkUnBOR2pJNHgtUXNwaHR0SFJ5Q05ZQWNBSDBfeGtha3p4Nk0?oc=5,Approval of UK's second-largest solar farm 'a step towards cheaper power' says Solar Energy UK Trending Now Sustainable Construction,,
MENTIONED,8,Vodafone,Telecoms,Google News: Vodafone,news.google.com,2026-07-10T15:48:19+00:00,"UK's FTSE 100 Closes Higher; Vodafone, easyJet Surge - Yahoo Finance UK",https://news.google.com/rss/articles/CBMifEFVX3lxTFBJWV9CQXZZX1gtY1dJXzBvejVYZnhZVlNhUDVOUzVIck5TR2ZHQVVaMEtDeVh0Rlc1Tnh5U28zVGhoVW5sTmFpYmxROWZveEV1ZVFHUjFrN1lMdktSR3RGVGxlQmo2Nzl5RlVrckZubjZRUTJjMFZSblp6YUo?oc=5,"UK's FTSE 100 Closes Higher; Vodafone, easyJet Surge Yahoo Finance UK",,+1 other outlet covered this
MENTIONED,8,Vodafone,Telecoms,Google News: Vodafone,news.google.com,2026-07-10T12:15:57+00:00,FTSE 100 trades sideways as Vodafone soars - UK Investor Magazine,https://news.google.com/rss/articles/CBMiggFBVV95cUxOOEhHT2pkUXpycmZ1Rm83Q043N2p1TFNBb1UxWXpQYTBHeTZWV2tMdjFJVGlwMXFORC05cms2UlhRSEd0cWpLUndmdTZfTG5ZcG94b0FHUGVuZ1I3NU00U0ZpVGxOSEJVNmVGb1pkM1ZRNlhvQzloNXRRNmRsV1dPY3V3?oc=5,FTSE 100 trades sideways as Vodafone soars UK Investor Magazine,,
MENTIONED,8,Vodafone,Telecoms,Google News: Vodafone,news.google.com,2026-07-10T13:44:56+00:00,FTSE 100 Rises on Vodafone & easyJet Deals Amid Middle East Tensions - Global Banking & Finance Review,https://news.google.com/rss/articles/CBMiowFBVV95cUxOSmdTN3dIRUJrQW9LN2MxME1hLTQxVC1tdTNsNHJMNG5DUlNaVE5ZdnltRWE3WGFxSUsteUpPanZGVXVrbzlITXc4UzF6OVA2cVlDY2MtWjZKVjZNalJRZmZJVFp2ZTVfaTZkb3FvWmtqejh2U20wR3RKLUk5MDhXQTVENENDMnhKNElVdC1jOFgyMEpWckFDQjZ1Yi1aM05TUUxV?oc=5,FTSE 100 Rises on Vodafone & easyJet Deals Amid Middle East Tensions Global Banking & Finance Review,,+2 other outlets covered this
MENTIONED,7,Severn Trent,Water,Google News: Severn Trent,news.google.com,2026-07-08T07:13:00+00:00,Water regulator finds 'serious and unacceptable' breaches by Severn Trent Water - Shropshire Star,https://news.google.com/rss/articles/CBMivgFBVV95cUxPd292aEU1cWt4NnJKSU5rQ05EQnA5MjFicnVYYndLT3BVcVVXbFVUeU9UTENIdTFjNmtMaWN3MVZZV0xLZE9iS1doeXZ5R2o3VlRpUEs1MHpXdHVocXM1VTJZSXlSTGNacGJRNHQtdU9LUUNPeUY3VkxydHl4bThvZjUzMmlNekswX0NyZFd0Y1JfRlNuckpwTEwzbGt4WFhDbjh4ZVd3dkRWVUhrWWVfR2FVUVRIamVmdUd3c1BR?oc=5,Water regulator finds 'serious and unacceptable' breaches by Severn Trent Water Shropshire Star,,
MENTIONED,7,Severn Trent,Water,Google News: Severn Trent,news.google.com,2026-07-09T12:00:00+00:00,Busy Warwick road to remain open despite talks of closure says Severn Trent Water - Warwick Nub News,https://news.google.com/rss/articles/CBMiyAFBVV95cUxOV05MQm93Wnl0VC1XUUYwaHRTSFA4RU1HdFcwRlRKN1BtTGFlalN5OWMtaUM5TWh3T0JjZzl5MThlVGFtYnNYNXVsYWprTHlIcmdTc2NIQTBPUkFZNDFUUDNmV1YyTHp6aUFfemhmeldFQnl4YkgtWEF2LS1ERVJ0cDFvNEJld2FlTTNHMFJtYm1NbDVSaTd2cl9kd3ptRE1pZU1sWnVHOGl0Szc1MGNWS0pWT3ZaOTFIdlYybFk0eHhQdjBtRzN0cg?oc=5,Busy Warwick road to remain open despite talks of closure says Severn Trent Water Warwick Nub News,,
MENTIONED,7,Yorkshire Water,Water,Google News: Yorkshire Water,news.google.com,2026-07-11T05:00:00+00:00,Yorkshire Water invests £1.6m to improve Owler Beck in Notton - Wakefield Express,https://news.google.com/rss/articles/CBMiyAFBVV95cUxPSnVsQXRCa1ZMUk5tNEt5RUhoaFhWcUVwYW5JWkFCaDRHSkplWHUzMDhmR2ktdWdoenBZSnNCbkRHM093X3ViVEU0Y2tXOVFYbUhISWJiQVAtbThzQ0Vva1NDcXVfTE0wY0xOem1ONXhWV0ttWFFPUEdXTGg4aFluQ0ljQ2lfNmhyLTBxRk1NcmFJWW1uNFk2NS1fNWhsdzN6TkZnRmJoS0tLNVdEdGNKLVRGT0lnVW0tbktGZjQ4Y01qMDV3dVRjdA?oc=5,Yorkshire Water invests £1.6m to improve Owler Beck in Notton Wakefield Express,media_and_events,
MENTIONED,7,Scottish Water,Water,Google News: Scottish Water,news.google.com,2026-07-08T08:15:45+00:00,Generation H2O Education Programme Reaches 100K Young Water Champions - Scottish Water,https://news.google.com/rss/articles/CBMimwFBVV95cUxPazJWaF9uWWMxazFsWG1xT0F3ODVjQlNRNFJsN1BuV3BWODlhR0RhX1RSM1ZjRkJIZ1lLRnBxZ1BBalYzRWlvbUhZOHNGeC1VdmZSZGNpaXdOX0Fma1U5NHdsamh0cmkyeXhWMmI3dEdrUEdvTklhM2l3czJ4LW5TbHZScUFnWk1Hcng4cVhHazBkNTFpMVRHZXpmYw?oc=5,Generation H2O Education Programme Reaches 100K Young Water Champions Scottish Water,media_and_events,
MENTIONED,7,Scottish Water,Water,Google News: Scottish Water,news.google.com,2026-07-08T14:50:29+00:00,"More than 100,000 pupils take part in Scottish Water education programme - Glasgow Times",https://news.google.com/rss/articles/CBMinwFBVV95cUxPek9sLWxUcXpMcFdCbGVOOUI3QkFNVThmTGdTeEZfTkpMaFVmS0txTHk0emJOdko0bTJvelZnRWtVWTg0bmd4LS1rTGR2QXZPSEZBVlZIeXo5R0s3U3BzRHFpTk1qbW5QRG9HS3h1ZjNfUXh5QUZTeXZ6MEo1Z29Pd3BLalRfa1lQZWtvcEVEdzgzSnltZzNMNkVYY0EyTk0?oc=5,"More than 100,000 pupils take part in Scottish Water education programme Glasgow Times",media_and_events,
MENTIONED,7,Scottish Water,Water,Google News: Scottish Water,news.google.com,2026-07-08T14:25:41+00:00,Major Glasgow road to temporarily close this month for Scottish Water works - Yahoo News UK,https://news.google.com/rss/articles/CBMigwFBVV95cUxNMmhFeHNFZUFqWENHQzVDUE5UOGxDVllERUxTNHg3MWN2Q295bXJhdUYxX0RpX1o2RTd4RVNLcW5MN2I3WlBEeVM3M3BEQVV2Q1VGT3VtanB1VVhmd0cxNHUtVEo5b25tbS1qNzJ1c2ZqVEVjX1djUnRaYjZaY1RzOWlvZw?oc=5,Major Glasgow road to temporarily close this month for Scottish Water works Yahoo News UK,media_and_events,
MENTIONED,7,SSEN,Electricity,Google News: SSEN,news.google.com,2026-07-11T10:50:00+00:00,SSEN Transmission Drives HVDC Subsea Network with Strategic Interconnection Projects - Inspenet,https://news.google.com/rss/articles/CBMitAFBVV95cUxQWDByV2EtVU96TThDX2d4U0lpaGV3elVLbVhBeERPQlFoZDh3aklxWWxWbEdjTFctbnh6dWhONzlLblZ2WHRFRjhCcE1RVC1yRE50VmdRbUU5eGkzUXE4Rmd5ZE5ObUluS1lyVmExMWIyeW5GUWxqVkE0bE5vVjByREpBZDVDS3JlT0VnWi1HaElMMWdDVy0tNUlNUVhqYmptSFZ0R2dHakZCbWpuTTY4eWhwTG4?oc=5,SSEN Transmission Drives HVDC Subsea Network with Strategic Interconnection Projects Inspenet,telecoms_infrastructure,
MENTIONED,7,CCW,Regulator,Google News: CCW,news.google.com,2026-07-12T12:48:09+00:00,Tactical Bag Small Concealed Carry Tote JESSIE JAMES CCW Accessories JESSIE JAMES Concealed Carry Tote Bag CCW Purse With Firearm Pocket Table Top Easel Kids - consumerthai.org,https://news.google.com/rss/articles/CBMif0FVX3lxTFBGdFVMdG5HR25kemdGQ1M4T0d4azR5VUQ5Vlg1cU1nUzRvMnlrbFZJS0U3bDNjcU5Fby1NN2dpZlhVaE96eWJiSldNbWU3eXFDWkVqTGl5bzdQeEU1NDFLY1pFRktfc0NvTHdKc3A0T29Zbnl1M2YxLXNkR1BpbDQ?oc=5,Tactical Bag Small Concealed Carry Tote JESSIE JAMES CCW Accessories JESSIE JAMES Concealed Carry Tote Bag CCW Purse With Firearm Pocket Table Top Easel Kids consumerthai.org,,
MENTIONED,7,Virgin Media O2,Telecoms,Google News: Virgin Media O2,news.google.com,2026-07-10T08:45:22+00:00,Roam ‘til it comes home: O2 expands its roaming benefit to include the USA for the remainder of the tournament - Virgin Media O2,https://news.google.com/rss/articles/CBMi2gFBVV95cUxNbUhFNGt2dEh0WlgzYjBTaGJCRmJLSEZHY3laaEJaT2wxZXFlSlFYbE14NVVhTGRWV19hbGN3V2tjeWxteWtJVEVJYTcxLTBTZFFiQVo3bGowZXVVblJuYXRzbG1VMUZIYzVJcU1wd0pQb1RkRXFBSzZ3cWwzaFN5dXo3LXVXc1NZMnRBV2tXVG9fZ2JkVTg0LThLZEFSX25tNUxlQjZUeGNyOGtjZHozYXNiRjlNb2phQ3BVWHo1WkpWanpldDV1dGhpLWppbWppaE8zNXZCT0dvZw?oc=5,Roam ‘til it comes home: O2 expands its roaming benefit to include the USA for the remainder of the tournament Virgin Media O2,,
MENTIONED,5,Thames Water,Water,Google News: Thames Water,news.google.com,2026-07-08T15:00:00+00:00,Thames Water asks customers to restrict hosepipe usage amid ongoing heatwave - Oxford Mail,https://news.google.com/rss/articles/CBMipgFBVV95cUxQUHU5VklwSFBVUnNhS3VzYUJZdWxzTHhaSUU1eGpiZmE4OU1lZms5N1NXTU10dk9oOXREUzVvTnRlNHV6Zkk2M0ZNUXZ4MmZFZjhwX1N2NElxeThiVkNyelExUnpXaU9rWW9tUUhFMzI4S2d6clNvdHVEbE5rM2xpR3AtRTNOTEVkbzltWlZHU2JQOVI0ZTNGWkxEaXBJYlJDM2JZT0NB?oc=5,Thames Water asks customers to restrict hosepipe usage amid ongoing heatwave Oxford Mail,,+1 other outlet covered this
MENTIONED,5,Thames Water,Water,Google News: Thames Water,news.google.com,2026-07-08T09:24:17+00:00,Thames Water gives update on hosepipe ban in Berkshire - Reading Chronicle,https://news.google.com/rss/articles/CBMiogFBVV95cUxPVTBoUUJNdHN1TFVOcWFqSUZiSkE3QUhvM3V1amkxR2tDdUozQ2NDZjRjSHN2eW5Rb2x3Wm80cS1mazZTem5PMEdlZ1hQNUQ5VTZCdVFQMjEtcGJlZnBwOF9pdW9QUVVPRHlMb3htU0lBWFkwUnZkTG1QbVN1LUY3YjlUWXgyRGdhamU3X0VYZzRJM0s0dUctUjdScWd5SWVCdVE?oc=5,Thames Water gives update on hosepipe ban in Berkshire Reading Chronicle,,+1 other outlet covered this
MENTIONED,5,Thames Water,Water,Google News: Thames Water,news.google.com,2026-07-08T05:00:32+00:00,Reynolds declines to be drawn on Thames Water SAR during EFRA Committee evidence session - Water Magazine,https://news.google.com/rss/articles/CBMizAFBVV95cUxPX1pJWnlpLTBfWEFNWER6XzlrcjRyYjNJcTJaWVE4WFBWazNDazVoLXNnZ1lOOWt5eGV4ektKVFUxeHlIcVlTV0FnV1ZFOFBNN0loSmFJbFNMMXgzTkd2QUU4cVh2M2tJcjlsZmthR0hhOGVGencxLXFMTHlPMklkS0FjRlFiWDdWanhHeVRmMmFFS1pnWHctckRwNF94SWNlTnkxRHdFNWZvUTVHY19NLWJURW9qWDEwSkZXc1dGVDh6eEVrSzlDTDc1T3k?oc=5,Reynolds declines to be drawn on Thames Water SAR during EFRA Committee evidence session Water Magazine,,
MENTIONED,5,Thames Water,Water,Google News: Thames Water,news.google.com,2026-07-11T04:00:00+00:00,Thames Water survey reveals many Brits don’t save water - Oxford Mail,https://news.google.com/rss/articles/CBMinwFBVV95cUxONUpoUVRFbkpWSEtMSWVSaDhTTDdDTUJqZWZhdVc0VHpoRFhwbXhEREdTTnBWelZvX053V2hHM2hqS1NVaGlSUm4zaUYzeWY4YmF6NDFPLTFnLXc5UV9rUW9keUJSa3JpbW9RRG9XV1diMWFyZ0hNNDBVUGVPYXJGTEpNcFhuZm5RSDNmZ2d1T0xDSHhPVWFPZ0o1VFBiNEE?oc=5,Thames Water survey reveals many Brits don’t save water Oxford Mail,,
MENTIONED,5,Thames Water,Water,Google News: Thames Water,news.google.com,2026-07-08T04:00:00+00:00,Thames Water sees demand surge during England’s late World Cup game - Witney Gazette,https://news.google.com/rss/articles/CBMimgFBVV95cUxNLU1Pb0M1Z3JXNlVsbWh1VndlaWRfOTYxeXFfMlh0SE1DYkRhZlBZQ0prTWdpTmp3UkFKRnd0Q2w3ai1sUGZ1YTlINDAyX0dVNTFMaEVMcDh4dHFHRl91dV9mbGtFSEp2VzlzT0hCbjFSVmRpTE1PRTBNODVGXzVRaDdZakwtVE8zanZETUt4M3E4UHhuLVdiekp3?oc=5,Thames Water sees demand surge during England’s late World Cup game Witney Gazette,,
MENTIONED,5,Thames Water,Water,Google News: Thames Water,news.google.com,2026-07-06T16:01:42+00:00,"Stop using hosepipes, Thames Water urges as London faces 34C heatwave and no rain for days - standard.co.uk",https://news.google.com/rss/articles/CBMioAFBVV95cUxNV3NucmtEa2VDSVo1Y0Q4SHk1U1JxNndQOU83VG1VN0tSblVLQ3BvaEV4NDI1bzBDUlllTnFaZXNnbkkyR2kxSnhRY2FoRDFEU1VRZUhXTnBEWW1LUF90Tk5GSmo4dDQ4LWZJejBMMmEyVG1nN2lYRVh3bi1yVWtKa0FrV0lGMmpKcElONTBLa2F3aURQbTg5VmduQ1N6Wmx0?oc=5,"Stop using hosepipes, Thames Water urges as London faces 34C heatwave and no rain for days standard.co.uk",,
MENTIONED,5,Thames Water,Water,Google News: Thames Water,news.google.com,2026-07-07T12:48:01+00:00,Thames Water Fallout Puts Drax Stock And Credit Plays In Focus - simplywall.st,https://news.google.com/rss/articles/CBMizgFBVV95cUxQT29KdDRGZnc5NXdDU0NnbnBpbHQyU3NCbmVCTFZxdy1aRWtIVGxaOEE4WUtrQlVHdjFPRG8zcGdCQVhQdWdMVUlZX0ZiYmVxdTZqWldsRXd4eHlhXzV3Q1IxUjM2bVAwZlRfUlFPY3FlOWgxVVFfMzZrVHFBSEFySGhoMEd0Q3NiQVVfMGF1aTFQRVlpZWY0bVU2V3FDWVhwVldnVGtWeHRzbnlVb055WjhTNnBsY2hKRWloc2x4bEdiMUZpUThjWVQxdnpQZ9IB0wFBVV95cUxOVUNPWUxiOGIzaml6LXpocG1LUUgxY1pJaGh6VEdxLXpMM3haQUw4RmdpSVA1aFJURGJZNm8xSUI4OFNrN2ZJN1dMZGZCLVk5ZmxoQXlwWWF0dXpacFRqMTZieDJLb0NuNk0xSkFXUEQ1dVdhcUJFZUZFZ3FLeWF5aklSSFBCSkpld25YMWVaVUEzZ0h5Wnk0aFZGNW1raWU2WFNRcmJpM1RuTzQ0ejZRUHVqbjVxNm9NclhldnRoenJuUEg2aHY2Uno3Yk5zNWpFSklv?oc=5,Thames Water Fallout Puts Drax Stock And Credit Plays In Focus simplywall.st,,
MENTIONED,5,Severn Trent,Water,Google News: Severn Trent,news.google.com,2026-07-12T12:24:00+00:00,Severn Trent investigating water supply problems across Shropshire including Shrewsbury and Bridgnorth - Shropshire Star,https://news.google.com/rss/articles/CBMi3wFBVV95cUxOdFRPcVZZR3dNOEJ3bXdHRGJXQW41RXJXX2tqNFh0ay11aUZxdjdZSW5ZRy1xQWhraGtfUDhfYUtrVHctQXpYaHNEcWlsMEVrOVZDdUVVbmZVSE9DLV82dlQwa3JtdTNteTk4N2djOVQ3MGotT19tTEJfQVpHcXY2blpkTFdQeG9TTUVQbk5nZ2VpbU9QWVFnNE9ReVl1bktQOENKTTJ5dlVuaUVubzQ2OUlXV3VNSmJQY3BsdV9EaTNOTGh6R2RnZUxhTXlPaHJoVVZMZ01IN2N3Unp2NVdB?oc=5,Severn Trent investigating water supply problems across Shropshire including Shrewsbury and Bridgnorth Shropshire Star,,
MENTIONED,5,Severn Trent,Water,Google News: Severn Trent,news.google.com,2026-07-10T09:31:00+00:00,ii view: Severn Trent confirms Q1 spending spree - Interactive Investor,https://news.google.com/rss/articles/CBMingFBVV95cUxOMGRpQ3ppVFM3OE83NTI5RmxLalRQTVg1d2d3ZTFyTmF0OFhUd2VOcUg5VFZMS2J0YmJtenRyYXRja3RtQ3pDS0FQbDlEYkpwSjU1QWVEVDJWSGlqbzRBZHFIMDdRcGtfa0s0dUQydHZRbjBGN1hCSkdabkdVOTZLWlQxREtVZWlxN1FMc0MzYWFYdFQ0SlBQMS1YTURldw?oc=5,ii view: Severn Trent confirms Q1 spending spree Interactive Investor,,
MENTIONED,5,Severn Trent,Water,Google News: Severn Trent,news.google.com,2026-07-12T11:55:00+00:00,Urgent plea sent to Severn Trent customers after 'highest water demand in one day' - Shropshire Star,https://news.google.com/rss/articles/CBMiwgFBVV95cUxOcVZwakVrQUlaMzJMTFdWT29YYk1fTy00QXBfalBfblZMb0xGQ3V4d244Y2hBT2NZRHcyQmd1UjBMYnRDMEhVbXA1RjlEeGtMZklQMXRRNWZTd0lvamJCZzZIbldZbTZQMEswbC1mUHpQdW5ITkhUZDNlLTAyVTIwU3ZFMkw4cmRRNXl3SFNHUmdfaXhKWWxlcGxKZ2FoM3BnN1NHRUtqamRiejEtU2VURXc5a1ZHWS01MkkxMEFMUTEzQQ?oc=5,Urgent plea sent to Severn Trent customers after 'highest water demand in one day' Shropshire Star,,
MENTIONED,5,Severn Trent,Water,Google News: Severn Trent,news.google.com,2026-07-09T09:40:47+00:00,Severn Trent: Confident of Delivering at Least GBP50M of Total Performance Incentives in FY27 - Moomoo,https://news.google.com/rss/articles/CBMipgFBVV95cUxPVFBicDk0TE9VTEJMb2xPQ09qcVBrWV9QWVBQNGZaaU1tMXNsZm1RZElNVzU1dXZabHM3ZngyWU1IWkh0YnpuT3J4bWVfUUo2NVBoSEpXVG45OFFzYThtM2V5N01KWHJOOGpPZFgwaHNCTTdGRlQwR0Z2cTNDWWJQOUFsbWpLS2Uzb2NiN0ZPNjgyUFEwMVhWM25Kb2ZhM25GSzhJT3pn?oc=5,Severn Trent: Confident of Delivering at Least GBP50M of Total Performance Incentives in FY27 Moomoo,,
MENTIONED,5,Severn Trent,Water,Google News: Severn Trent,news.google.com,2026-07-10T12:07:45+00:00,Severn Trent wastewater failings: regulatory and design lessons for engineers - Geomechanics.io,https://news.google.com/rss/articles/CBMiuAFBVV95cUxNOHdSNHBoS25QaFBvaVdFb2RCWklDSVJ6ZDcySGxBbFZTYXNZbk1LdzZ5ZXR2SlVSQ1Y0bEFKSlBlZ3Bwbml6UmNGamZUcmlocnpyUTFuSUI1Y1BTYjlGMUNNYlQ5WVduVHcxajlPdS0wc1owYmYzWEU2Ny1FVGJzUzhqdFlfVDJ6SVREOG9zRXNJYTRoc3hLaklCdGxiYWdDdGt4YmVPb0o1UmVLRWpEWnlUaEctbVNk?oc=5,Severn Trent wastewater failings: regulatory and design lessons for engineers Geomechanics.io,,
MENTIONED,5,Severn Trent,Water,Google News: Severn Trent,news.google.com,2026-07-10T21:18:32+00:00,Severn Trent 'extra care' water message for scorching North Staffordshire - MSN,https://news.google.com/rss/articles/CBMixwFBVV95cUxOa3pLam9yaDV2MjMzb2xxZ2N1T0lNTG5jZGZzdDBTaDVVTW95dWZieW5ic0xPcmNTQnF6aURWWWlTU0MzLS1VOV9ERHJ1d3Z6dHJuQ194UE5ZbFNRb2lBVmd6RGFpNDFRU0xYZ3FtMzZsR0lHMU1CRUZUTXpxb3Y5VHBDUjdySmxaMEE2SmVBYXQxaE1sVVo0WEhmTm5PczhhX3gzM20xWGlaWF92OG1DUWtXdGp0ZFRyNGJMdWlIam1KV3JEWlI0?oc=5,Severn Trent 'extra care' water message for scorching North Staffordshire MSN,,
MENTIONED,5,United Utilities,Water,Google News: United Utilities,news.google.com,2026-07-12T20:57:00+00:00,Gregson Lane closed while United Utilities repair burst pipe - Blog Preston,https://news.google.com/rss/articles/CBMioAFBVV95cUxPc2I1bm5abmRPZFREbzJBWWlRUGUySE5KZGJvN245UnFCeEdESndUZ29XXzRYNmxqRmdlNnJIU3BlQWV6M1dGSkw4V0ViQUNfLTBLZWZETzktdTBXdTBJTW5DcGpZcmdWYVIyNmc2QlJ6UU9VUzlVaDdGZkdrUFJkM0Jvdm9KdUhvNmFnSW44RlJBVTZoMFplUF94Xy1Ddzh30gGmAUFVX3lxTE1uNWNHT2pqYmhLVmJlTkpQcHFweFp2c2E3RFFYT3BSLVcxd3VwZ0pmaWZLSDZrQWlBVkxqOXh4cTExeFY5MDlFeEpPWGc1TXVFa3p3VXd4blNoalE0V2p1aGxjUl9kX1c4b3Bkbm92anRUUGxuLXlXblN3YjFUWVBvMGoxT1o1UzlzVUZ5ejBsR1JoWGltNHhJMkZmVGFDSkpTTUhjQnc?oc=5,Gregson Lane closed while United Utilities repair burst pipe Blog Preston,,
MENTIONED,5,Anglian Water,Water,Google News: Anglian Water,news.google.com,2026-07-12T11:00:00+00:00,Café owner battling for compensation from Anglian Water after major summer loss - Norwich Evening News,https://news.google.com/rss/articles/CBMiogFBVV95cUxPeWdpMHU2MHRGQ29PbXFKMTNINDdrbElfX2loZzFWNUpuMmpjazh1dTFCLUU3X0xlbnhTUU41VVp2UVljSFk2NDc1TGxoVE1GQllZTDhWMThXR1N0eVdiMlhyS1k0Y1U5aUdZd1lBOUd5NjhlME5teEIwXzExa1VDZi1zY21BT09JS3pkdGgxSTItVmRNczVpSTlYS1dzbzFselE?oc=5,Café owner battling for compensation from Anglian Water after major summer loss Norwich Evening News,,
MENTIONED,5,Anglian Water,Water,Google News: Anglian Water,news.google.com,2026-07-10T14:01:00+00:00,Peterborough Hosepipe Ban: Anglian Water van seen using Tesco car wash on day ban is announced - Peterborough Telegraph,https://news.google.com/rss/articles/CBMi4wFBVV95cUxQdi1wLWZHaG9wTmZuVUFLM24ySnJYNWlfaXNRMV9aUnRUSU45cTY1NXBrMUNjcXZsLTVXTlBDVXMzNmpUODZRcGhSNUgta1ViU3E2NmVkSG8tQTVOQjF2bVlzRTZOV0pRaGRJYkFhOURMUTNFTS0wM3ZDZnBEem1uYjFRaHlNQnliNVhzLUNhNEo3T1dDbW0tQ0NmeHBWaW9pYUdBbGc1MnJENGhVVS13cDRZQ3JoNUE2bjVoYWRJbUI0YlgxVUd3VTJXNnRPXzJjX3Q0ZUxNbngxT2VDYlZRSmQ3dw?oc=5,Peterborough Hosepipe Ban: Anglian Water van seen using Tesco car wash on day ban is announced Peterborough Telegraph,,
MENTIONED,5,Anglian Water,Water,Google News: Anglian Water,news.google.com,2026-07-10T13:31:21+00:00,Anglian Water's hosepipe ban makes it four this summer so far + horticulture industry reaction - Horticulture Week,https://news.google.com/rss/articles/CBMizgFBVV95cUxNWkJ5MU4zSkFDb3FmdWkyQkw5Q0I0bFBYZXBUeVFtQ1RTaDBJN0lneXQtWjluUHA5MjFMOVJzdURaNFlUaFprTngwakR0NkFpWW56cFRNWENxeXlPcHRMb1ZKX19yeXVrbE5SaGdzLVczdS1kT3NtcGZfakFBY0xqS21aeEk1WDdkNkJ0ME5Ua2drNzE5X0ZVYUlsbWNmc19RZkRtM3pKZFlwTGdrdnhPT3RKRGY4aHN3WWdCXzF2RHg4bEJQLU1KTEVkVkRhUQ?oc=5,Anglian Water's hosepipe ban makes it four this summer so far + horticulture industry reaction Horticulture Week,,
MENTIONED,5,Anglian Water,Water,Google News: Anglian Water,news.google.com,2026-07-10T11:57:00+00:00,Norfolk woman slams Anglian Water over six‑month leak as new hosepipe ban starts - EDP24,https://news.google.com/rss/articles/CBMimAFBVV95cUxOaE0yYXEzSU5KVDBRaThMeF9vY1hRZFFHSDhWaHFzaGdTak5nYWkzdnp6LXlKVFJTOU5sRGt3VFYyOF9IdjBFSUoyd1lKSTZRTmRrdHU5VkFJQlV0OFFXUkdMVlpkUEJqX2szQTF0VDNLMWc2QUhPVFc0RUFkWXdjMEJiMlV4MFBsYjU4eTJyS3pneWFxMzY0bQ?oc=5,Norfolk woman slams Anglian Water over six‑month leak as new hosepipe ban starts EDP24,,
MENTIONED,5,Anglian Water,Water,Google News: Anglian Water,news.google.com,2026-07-08T15:42:00+00:00,Anglian Water repairs start today on Biggleswade's Drove Road - Biggleswade Today,https://news.google.com/rss/articles/CBMixgFBVV95cUxQaVdXZnRReXpfRldpcmNBU29LN2pLTjlSVEYwb0FzSWFoQXZNa2xCSGNWdDRhSVgzdk5PcGJpYVNtNEZxOVoySlg1YXQ2endWSUo0aVIwR1dUdWw5SkFsRDJQTUlNcVZRV3NLdWF3d2t6Y2FFUkxkVFkxNXRsdzRxZlpZbERWcDdBQlltZnJFOVl2RTBOVjVJMmlGdWxDc1JYcEc2UEE1UlFJSnpXVkRROUhKN3h2WWZjSjhyZmV5empiQ2h4SWc?oc=5,Anglian Water repairs start today on Biggleswade's Drove Road Biggleswade Today,,
MENTIONED,5,Anglian Water,Water,Google News: Anglian Water,news.google.com,2026-07-09T09:45:00+00:00,Anglian Water advises Peterborough customers to expect lower water pressure as heatwave continues - Peterborough Telegraph,https://news.google.com/rss/articles/CBMi7wFBVV95cUxPMDJkUF9PR3dHMXY0LWdNYjlxOUNRYnpzUEpIYVIyNHRqMVJIZFlnVGxZc2ZXMU1zUENBNVE4bHVRbTZyZlYxM3V6UFhiWllHRVFSelJ4Z3BtbTJhbjRCdXF4MWVpNHl0WGloZW9qNEFKekdsNHRNQkZYd2psMWxWR1B4NlNBSWlGVWRIRFR1QUwtUTZKUlBvQU8tMWdtSlNraDZjTnhCWVRLNDJHYmlZTVhPVC01TkZrWUpra1ZjVDlqSHBnRzF6dVNzV3JSSG45Ump2LWdwTnB5dnhyZUJRTWMteVYwRFBQQkNOQUdPYw?oc=5,Anglian Water advises Peterborough customers to expect lower water pressure as heatwave continues Peterborough Telegraph,,
MENTIONED,5,Anglian Water,Water,Google News: Anglian Water,news.google.com,2026-07-08T09:03:00+00:00,'Avoid using hosepipes' urges Anglian Water amid ongoing hot weather - The Comet,https://news.google.com/rss/articles/CBMilwFBVV95cUxNb1JTZ0ZHcndpMTdySHh2NGNMSXZKeVphblU5a250VHB5OWdsd0ExOVREQTNCakZIQ1V1MlJEMjRNdDdVcktKUHRHS19LRmgxWTdyT2ZfMmc5bEptbnU2ZGc3SzZNVEc5VkdKdE43SWxla3ZpRFczMU55b2NhZFNaNnNtd0s5YkRBRTVlQjNoVVpfX0Z6Q2FB?oc=5,'Avoid using hosepipes' urges Anglian Water amid ongoing hot weather The Comet,,
MENTIONED,5,Anglian Water,Water,Google News: Anglian Water,news.google.com,2026-07-08T11:06:00+00:00,Roads in two villages north of Bedford to close for Anglian Water repairs - Bedford Today,https://news.google.com/rss/articles/CBMixgFBVV95cUxPZno5TVRaMzNGVmNQem1JM0RHaGRyaUdSMnZXdG51WlVfVEVOY2ZWTks1dmQ2QTlmZEMxWG8wQTZDdkRjV0lyYzNuc2JibDgwRVFZRlRhQkNFZlZUazhaeURmZkZlWHBYbC1HeXFGYVpYNzgwTjFBb2Y2YWgyUnI1cUo1YlhhTFYwa1k1SmhqdGxhY0VGcW9QZmdHMlFMRmtSVFNiT3hFQ0VGenFTcXZ5ZGhpdThfQlBLLVlFT3E0MW9tWGU5dkE?oc=5,Roads in two villages north of Bedford to close for Anglian Water repairs Bedford Today,,
MENTIONED,5,South Staffs Water,Water,Google News: South Staffs Water,news.google.com,2026-07-12T12:16:00+00:00,South Staffs Water customers deal with 'lower water pressure' due to increased demand - Express and Star,https://news.google.com/rss/articles/CBMixgFBVV95cUxOYXBEd2hQY1pEQlhCd1VjMG5HWEIzM215OWFad1RJZUhMRERfdmN4TUppUWpjYlJJRG9YYkJlUURGZFhqeDBxc1MyMEwwZmtXMHJNTGZCNkFJN1NTeDlJMG5Jc29qVUNvMUk1dlJHQXR4T1U1WWtoRThqUXF6RngySFJabnlXZ2hWdWw2VVMtajlid0lhcWhvN05xS1VpZXVydDdXVTBPZzRMdi04ZzJwUDAxbi1ISXZwbEtPalJuaGg3VUgtYXc?oc=5,South Staffs Water customers deal with 'lower water pressure' due to increased demand Express and Star,,
MENTIONED,5,Anglian Water,Water,Google News: Anglian Water,news.google.com,2026-07-07T11:03:29+00:00,Anglian Water tenders £6 million contract for desalination strategic advisor - Smart Water Magazine,https://news.google.com/rss/articles/CBMiygFBVV95cUxNMUstaS1qQXVvd2pJSnN4YUdSZ0FGUHNERDUwaE9wTmVGMTZHZC1YdmJEQU9pQlppcUw3S3kwTWF2a0w3MVc3bTZ6YlphcmIzVnFHWFh6MXp3X1dqZmhVUTJ2TVE4c2pHMFZZUzlGMjdTR1JITGFwWk1MQ0lDSTZNNjdpUTUyNGotbFRWTzBuOENBZG1JeGNlc09xNnNPbHhjeHBwSkZmTVBEQjhSaWd5ZW9JTDZDS2ZfTDlmckhHX2lQTXhrbFhGNVF30gHPAUFVX3lxTE1YRDFpQWNuY080Q0xWUWE0MWZZNVpQLWVXMUJ3N3gyTVZQQVVyeGJOaVhQMktQU0xGU1RpME44MFh2Q1BDM2xWM0Z4WUNOQjdiUGxvU3F2Ul9ULVFSUlc0T2RocHFUWVVoN21RSXdCdjBiYk80U0ZWSEg3NU94XzFwSnM1dHRlNTFJUmtlcGVyZWZUUUw4S2ZuUzlXS0h0OUMxbjliYzRhNFUxYmNUX2g1NmhUeThEVGVnTzhZY0w1MTJ4ZGo4U0ZjTzRPZWhrcw?oc=5,Anglian Water tenders £6 million contract for desalination strategic advisor Smart Water Magazine,,
MENTIONED,5,Anglian Water,Water,Google News: Anglian Water,news.google.com,2026-07-07T11:21:00+00:00,Key route for two towns shut for days by Anglian Water - LincsOnline,https://news.google.com/rss/articles/CBMiqwFBVV95cUxNRHlyWllsTmNSMGdERVNjSlRjLWtGanFKYzdmWEMwWVhsWGpOVks1b0NLUW9yNVVNWWw3VTRJNFFOZkJYd3JOZl9iN1Y1ZTFJbEpFY0JGU0kxSVZPS2xzYjlDQ2NNS2llNERnZFNHTjNsMlNORFVhcDZwYUpUdEpWY3d6bFpaY3M3RjNaSFdVakFOZFpaRURvMF9vY3lzV0lVLXJ0MkVoM2pzckU?oc=5,Key route for two towns shut for days by Anglian Water LincsOnline,,
MENTIONED,5,Yorkshire Water,Water,Google News: Yorkshire Water,news.google.com,2026-07-13T06:47:00+00:00,"'Morally bankrupt' Yorkshire Water bosses must go, says Harrogate MP - Your Harrogate",https://news.google.com/rss/articles/CBMiuwFBVV95cUxNWGROV051TWhQc0Y3YS1PdXloQnBnc2xZM3pobHZqUEZEcHhJdUNQN084eUxKMTFHcVFRQ09Nel8zQ1g0bkZWSWpVMlRmbWhQeUFDbWVDUUN1SlFWbzZTeEdsLWVYNUEzdDFlcG9XN3ctdWdTckhkNEE5b2diZ3ZCU3lLNVZOUTF1S0dIY0Z4cFJnVkM3U2Jqa29iT01CSlNKMUIzN0JOeXdPaTVXVGxxdUdaS2paUjYySTkw?oc=5,"'Morally bankrupt' Yorkshire Water bosses must go, says Harrogate MP Your Harrogate",,
MENTIONED,5,Yorkshire Water,Water,Google News: Yorkshire Water,news.google.com,2026-07-10T10:28:00+00:00,Yorkshire Water 'working to determine the source of troubling pollution' at well-known Harrogate spot - Harrogate Advertiser,https://news.google.com/rss/articles/CBMi7gFBVV95cUxOWHN6bWQ4WmpiUkdQRWJscld2UFlsNFV5S0tOLVFzLWhVYXU4QW9oc0Q4U2tGVm5ybTFjemhmV0NUaC1rMjg4SDM4U3JkSzdEcF90N0RHcjFCTTIxd0t0VlFzdHBBZFpMZGxEV3ZFYlpoZ0NmckI5X3dMaWs4c1ROb0pySlZTX3lPQ3JiZnJmV0dwYUZNa19Vb212RHQzNkV4c0pNVlVzbHlIVzZiOXcwUE5LV3lGLUlIeTV2Zm0xR2d0TktzQm82VkNMTlhNWG0wQ2RlYXprdzVaa2hNejZYQlRQWFJVUng4LTRvTm9B?oc=5,Yorkshire Water 'working to determine the source of troubling pollution' at well-known Harrogate spot Harrogate Advertiser,,
MENTIONED,5,Yorkshire Water,Water,Google News: Yorkshire Water,news.google.com,2026-07-08T13:13:44+00:00,Bradford MP slams Yorkshire Water performance and calls it 'utterly unacceptable' - Telegraph and Argus,https://news.google.com/rss/articles/CBMirwFBVV95cUxObFBzU1FSUXJSbVNQbTN3ZW50NDdRWnh1V080NG95TFFhTVd2UU9YckdHUXc2b3p4Yk9lSnN0QUd1MWdMZlRhZzZQSFpJcGxZZ2ROOXB1R08ydTNORDJ5MWpta1ViUDZSWjFtdGdpeEI5Z2Q4VmExRUtNcWp6dHdCSVNQVktucnlsRTVsTGxqTm9hRGJpdkZUTFVob18wZUthejVJVzQyMWFzN2JtQ2JV?oc=5,Bradford MP slams Yorkshire Water performance and calls it 'utterly unacceptable' Telegraph and Argus,,+1 other outlet covered this
MENTIONED,5,Yorkshire Water,Water,Google News: Yorkshire Water,news.google.com,2026-07-08T11:30:00+00:00,York MP demands 'fundamental change' to Yorkshire Water after annual report - The York Press,https://news.google.com/rss/articles/CBMikwFBVV95cUxOUjJadDlUTUIzb0JfODlycWdONVA4T0dmWXNyUHlUWUlsMzdid2ZtVzFKX1JFSzZoT2F6QVhydXl4TXdGSEdkV2p2VXY5SFJZcm9ZdVR3cExXVkxJOWhVZ0JtaThMZWoydUt4V3Jqc2RHb1YwYTZvdXRRNWhlU25kSWdmeHBvRVBQbGFrVVZmTzlpN3M?oc=5,York MP demands 'fundamental change' to Yorkshire Water after annual report The York Press,,
MENTIONED,5,Yorkshire Water,Water,Google News: Yorkshire Water,news.google.com,2026-07-10T16:16:05+00:00,"‘Morally bankrupt’ Yorkshire Water bosses must go, says Tom Gordon MP, as pollution soars and offshore payments continue - Harrogate Informer",https://news.google.com/rss/articles/CBMi8wFBVV95cUxNT0pQTmxFLXJ6bUstNG1LQUJROGt5OWFlNDV3aTFjU1FxVDYxWmNxMWFVUFZmRW0tcE9UY1VfS2c5YU9Fa3R2b0JXRDQ3TTVGXzQ2emUwaXphYXBmbDZzbUpEYnRNV1d2ZDZtQm93dFhYWHoxS3JYc05IMlJxVXI3X0JOZzNaRlJwU2QzclVBLTJVN3ZsRnFJQ3p1YnhfOTJMVWZuVXZGNmdITlFIVlVsVjBGRXZncTJqS0JmaFQxc0libW1MQ0ttS003NWMzejZoNUJPaXdGdUNPeHhoUHlWVlBUemlheVhQazlKeHpEeVNjbU0?oc=5,"‘Morally bankrupt’ Yorkshire Water bosses must go, says Tom Gordon MP, as pollution soars and offshore payments continue Harrogate Informer",,
MENTIONED,5,Yorkshire Water,Water,Google News: Yorkshire Water,news.google.com,2026-07-09T12:43:00+00:00,Drivers are being warned of Yorkshire Water works on a major Doncaster roundabout - Doncaster Free Press,https://news.google.com/rss/articles/CBMiuwFBVV95cUxOV3ZzdUpNUGdfU0xEMHJscnoxRWdtZ2g0QmpMRjltLV9ZMUtlMzNwdmhoX3lzN3A4RzZjNFlPeUswNUJLRHIyRVVaenZyRXZxb1ZNNDVTOU9wandKcE9VNEprQTZtOWU1UjZoU09QWGVHdVh0RjZCMEI4MnBSRVZheXFaS0tTTjdMQk1fRTJCakdlSE91MkJKd1plLWxSWlhjVnFYV1hmc2c0ZlJnN2xqWUc5cHZiTnNscUcw?oc=5,Drivers are being warned of Yorkshire Water works on a major Doncaster roundabout Doncaster Free Press,,
MENTIONED,5,Yorkshire Water,Water,Google News: Yorkshire Water,news.google.com,2026-07-08T13:40:39+00:00,Green light for Yorkshire Water's Bradford mixed-use scheme - Green Street News,https://news.google.com/rss/articles/CBMimwFBVV95cUxNWF93aVd2OUl3ZUZKNktlMVdhWE1QamxwSUdfNGZZLUl6Y1g2UzhScUNUVGt4Qkh2ZGl5bVFUaWd3cDQyV3NtWWpuZnlRazFjakNEN3R1SWxUMDBLSUotN2FRRGlvSV9ua2xnT1Fxam9NVjFZaDMxcWQwN0xBbU1VSVA0LUtEREJIZ2tERE81TVdEOC1qdHlXYlJQNA?oc=5,Green light for Yorkshire Water's Bradford mixed-use scheme Green Street News,,
MENTIONED,5,Yorkshire Water,Water,Google News: Yorkshire Water,news.google.com,2026-07-06T17:38:41+00:00,"Yorkshire Water expands AI-driven pump monitoring across 1,500 more assets - World Pumps",https://news.google.com/rss/articles/CBMitAFBVV95cUxNZjMwQUNKci1hdEtOYi1NUk9Ha29fUTFjVVdqNU9HeV9DWnAyZ3FmZ2laYW5wdjg4REdHcjNpZjY5NzU3VXQtb0d3a2U1Y21ieTBMZ0VEN2FfeU1paTE3MVJCcHAxczB2UTFOeExTQjZIU2pITUMwQUo1eFNtOGtrUFJPbFlkTndXRFhEcXJ4ckR1SVJyUUJyN0hFZF9TUmdrT2diSEpnWE1uTlBKTUI4UDJ1em8?oc=5,"Yorkshire Water expands AI-driven pump monitoring across 1,500 more assets World Pumps",,
MENTIONED,5,Yorkshire Water,Water,Google News: Yorkshire Water,news.google.com,2026-07-06T08:40:27+00:00,Yorkshire Water Works on Hagg Lane – Project Update - Crosspool News,https://news.google.com/rss/articles/CBMijAFBVV95cUxQaWg3MlhacTR5LVVtampjRXZGc2JIVG1uRmVNT3IzdFAyRHJPYW9rU1hwWFA3VklicUxNZGtQUVRuQ3BET2IwMUdEQzN6OTdiR0M1bXVrRUliLXJ5VjVzVHNzc3VkZ2VoOFF1QS13enV6V3NCMmRaQ3FURlhtNlMxX2hQN2xkM2l1dVU1Nw?oc=5,Yorkshire Water Works on Hagg Lane – Project Update Crosspool News,,
MENTIONED,5,South West Water,Water,Google News: South West Water,news.google.com,2026-07-10T04:30:45+00:00,"South West Water colleagues raise £1,581 climbing Snowdonia mountains for WaterAid - Water Magazine",https://news.google.com/rss/articles/CBMiwgFBVV95cUxPZzBfY1UzbGV0UVQ2dmdkQjV3ZkR4MnI2a1hFUDZ0NVFWbHAzT2N6ZF9BT2JQc1d4TzZrWmhCbmhvZWZQU2hfV1Q0MXNVeURLUzNrZlU5Tzg1ZmJtMVZlLW91THZ3NmFoZUlGM3Zydk5lM0NQYTVSYTFLWmlQOHVwdVhFeldkd1FDc2lLRFJ5N0RlV280Yko5cDdZclBpSVhoUGRZX2ZObHNhWV9xMmxGRGphaV9VclRtc1FlWVkxOEpvdw?oc=5,"South West Water colleagues raise £1,581 climbing Snowdonia mountains for WaterAid Water Magazine",,
MENTIONED,5,South West Water,Water,Google News: South West Water,news.google.com,2026-07-09T14:00:00+00:00,Councillor to meet South West Water bosses after children fall ill following river swim - North Devon Gazette,https://news.google.com/rss/articles/CBMi0gFBVV95cUxNb1FaMTJqY0xRcVJEcFRrdmNTOTl0VXFKZUN4QURHN2NVRGpKN3VKdkJOMXVmRE9IaHFnRm5PbG15a2p2TXB1Q1Y4QXpneFl1dDR5ZWZPWTNXRzEweGdrM2d1NVY2dFBWWHlaSng0ZzNvYVd6QWRFalhXSm41S1hmNjlWMWd6c2IweHp5eDhDLWNCclBjNE1jY1BzdUZrN0U0ME12cURjbXpsY3d6ZmctckFpVlRSNTM1U21MYmE4dGgwMGVEeFl6R0p4TTB4aEx6c0E?oc=5,Councillor to meet South West Water bosses after children fall ill following river swim North Devon Gazette,,
MENTIONED,5,South West Water,Water,Google News: South West Water,news.google.com,2026-07-08T09:11:26+00:00,South West Water thanks residents as Woodbury disruption continues - Exmouth Journal,https://news.google.com/rss/articles/CBMiogFBVV95cUxPOEU3WWRPRDFSVWIzTnduNHZjTVdMSGlUdUl4Q2dPc0o0eUN3VnctSGhlWUYzam9KaEtyTUl2ZkZFdHVwbVhmaGNGYWoyS0Fza0pzWV9wVkMxcU5aUTlGdi1sbWdkOGtsWmQ0azFJN0Q0SEV4aUJweEljZ3I3R0VTV0FaZmJSLVhJbV85bi1fcnBkMlByX2ZLbFVWVW1SR2FXVWc?oc=5,South West Water thanks residents as Woodbury disruption continues Exmouth Journal,,
MENTIONED,5,Wessex Water,Water,Google News: Wessex Water,news.google.com,2026-07-13T04:35:50+00:00,Wessex Water reports record investment but admits more work needed on pollution and leakage - Water Magazine,https://news.google.com/rss/articles/CBMi0AFBVV95cUxPNjg3MExsMEZBenhsdkczMC0xNUxtdGpNSVJwRU55T3VlRGg5WDRMMVZab1dhOUZ5enFRY1RkQlFveGRTd3cwa1VyaG9JUFhqYlI0YXh4QUlsV09ZUmNTaWhkd1pzeC1tWWQxdTloVHVNU0Z1OHRReDZ4V01uejJwb2FtRk1QR0Rjdy1XaVVST2MzTGRIQzM0ZUZFUzJ3TU1XUkdfeUtNQ1hVYlVUakZJWUdfWEFuOFI1V3Y3d3NGZnhjYkV6NjE4MjRtUXdrZmxo?oc=5,Wessex Water reports record investment but admits more work needed on pollution and leakage Water Magazine,,
MENTIONED,5,Southern Water,Water,Google News: Southern Water,news.google.com,2026-07-10T09:19:35+00:00,West Wight councils declare no confidence in Southern Water ahead of landmark debate - Isle of Wight County Press,https://news.google.com/rss/articles/CBMinAFBVV95cUxQQ2paSTl1SWJFU2RxRUd2Z1E4YU9QUElPdm5HWGQ2OTNBNG5xclY4V3d4cVZfSkNWNmt3bTY0MHBFRi1ybDZjeTFmc29VeXJfOW5TOVRfcElHTDdjaFhkWmEzZktGZVFLaFFjSkgwYUtGUGdseHNsbzhROVVGUXlwUGx6dU82SW1LX29pQ2dBc0xRZXJVQXBjVFJKaU0?oc=5,West Wight councils declare no confidence in Southern Water ahead of landmark debate Isle of Wight County Press,,
MENTIONED,5,Southern Water,Water,Google News: Southern Water,news.google.com,2026-07-09T15:14:16+00:00,Southern Water Rules Out Sussex Hosepipe Ban Despite Heatwave - More Radio,https://news.google.com/rss/articles/CBMiogFBVV95cUxPUXdOcnRfUW1JdjgzeTBlcXFzU2l3MjNrMS1MNFQ2RVJ3UERSbEtINmxmVHVxSlZraTJvT2N1RUkybUZHdkhhbDBjWHNxLUZ5WVgySWlkSXMwNzU0RUQ4c1ZEQjVKSU9zNnNSa1d4N25yVWtidzB2U1BKNEJiVjBVQ1I0aGE0M2tKckptR3RYRFZHX293T1ByWlQ3WkJOUFc4U2c?oc=5,Southern Water Rules Out Sussex Hosepipe Ban Despite Heatwave More Radio,,
MENTIONED,5,Southern Water,Water,Google News: Southern Water,news.google.com,2026-07-08T11:12:00+00:00,MPs raise concerns over Southern Water's plans to recycle wastewater into future drinking water supply - SussexWorld,https://news.google.com/rss/articles/CBMi7wFBVV95cUxQTFEyWTZLa1c3WjVqZlU1VFJ6SkthU0JWLXFQY3FUVzNIYW9pZTJFbjZyNFJmdDFOcFlMaDJhaFVtNHRVUVJfU1N0ZEh2cDVzYTF6UzRZZ0x4cHRWWnBPdWc4T0hIazZYdEtkano1cjgyMG1qa3JJZWN2bWFSNFpaX1NWdVF5OFVmVnVjVEhjZDVjbWFkWlluQXk3NEItVGhqTVhTZUp2YUc3Mk54MmVoNFRzVlhPbEs2RTZjZ21BWE42bnJvTjV0cW5wVk1Ycm1ubUpDRjFuenpDUTdtMXBhN2hNRmZ1eUxUaGFzaExrbw?oc=5,MPs raise concerns over Southern Water's plans to recycle wastewater into future drinking water supply SussexWorld,,
MENTIONED,5,Southern Water,Water,Google News: Southern Water,news.google.com,2026-07-07T09:35:28+00:00,"Southern Water’s Drought Plan is “defective”, says WildFish - Wildfish",https://news.google.com/rss/articles/CBMigAFBVV95cUxQbzFTVHFKWjU5Ql9wc0plUTBMWmNjeHRRZkdtTkZndUtKT19raFJxWjZVVWVacHdrWVBVRDVsM2pWNExJbmFpelFFbW9vZDc4cmVDSGVXd3N3d0RhWlRrMF95V0NnUDF5cFBUTXdIYUpxVkZvbjdMR2RubnE1V25ySQ?oc=5,"Southern Water’s Drought Plan is “defective”, says WildFish Wildfish",,
MENTIONED,5,South East Water,Water,Google News: South East Water,news.google.com,2026-07-09T23:20:58+00:00,Government responds to EFRA report on South East Water failings - UK Parliament,https://news.google.com/rss/articles/CBMi-wFBVV95cUxQZnl5Nnh4S2FfNVpsNUpQbnE1VGs4NmI4LUJkZGNESkNUc3UzVUJkMDRKbUl3VU1WcExYXzI5Mzdjdjdkb0pIUWN5dDZia1hEM1lkWjBrLWdKMlhONXlIYnZQdnV3aTJOcDlfSDlkdm50YVBwMUdtanJOdFZ1eUJXblF4SXNlUzBsazV5aVhWb2xOZVNwZExMdTFSd0hpOXk2VEFrTVZ4TDZhTE9nbG1fM3VVb2dJNHZ2cUNBNFZ0RmhMX2F3dTE1Z2E3OVJVSVBWcnVvdFJQLTloSmo0N0tETVF4ZkFHR3k3MXZXTjlNZ0ExdzEwOGRlWnFhRQ?oc=5,Government responds to EFRA report on South East Water failings UK Parliament,,
MENTIONED,5,South East Water,Water,Google News: South East Water,news.google.com,2026-07-13T04:45:28+00:00,Government backs EFRA’s criticism of South East Water as ministers promise sector reforms - Water Magazine,https://news.google.com/rss/articles/CBMizAFBVV95cUxPb1BiWV9nLUpGd0dzSFVTbVZVM0lBVWw0Qnk1MUIzN1BrX1Jod0sxekFGWWVXQUNrMS1iZ0U1eGlMY053TjM3ZXdNem5RMUZfT2FfXzdlakNDdnVUR0QySk40ZTZmeWRCZXBjaEFWY1U5ZFBCVEh6YjU5dE9ScUtDUTRIYkpHZDhUc0dENzZhME5TbU0xNURPa2N2ZUNrNHNwVm15cHJjdG9ySG1iSU5JVF9xV0hsR2ZzTXlXZUFmWWNsRzdVQ0VEc1pSc0g?oc=5,Government backs EFRA’s criticism of South East Water as ministers promise sector reforms Water Magazine,,
MENTIONED,5,NI Water,Water,Google News: NI Water,news.google.com,2026-07-09T09:09:00+00:00,NI Water delivers new £1 million wastewater infrastructure for Drumahoe - Derry Journal,https://news.google.com/rss/articles/CBMivgFBVV95cUxQY2ZzdlBxMWlCLXpoNXg0UHFlM2hsOWNOMnpubzljZV9KZl9rTnNGNF9PeEVZbmw3T1ZMaTBzb2JIajlkdlNlWHh1ZzhmMG01SldzNDdGVENtODNzS1M0Z1l1Mk0tTTI2YWhIb1RQUDdJQ2Ftb1doWkdTSnJsaFNjVzFPRkJmSlhrdzNaODEwR3lrdnd3WEpBZTE5N1lzYzhfUWxVQVhmN3NLV2xIc2Q1LTBMQ1cwT3lRYWI3cHVR?oc=5,NI Water delivers new £1 million wastewater infrastructure for Drumahoe Derry Journal,,
MENTIONED,5,NI Water,Water,Google News: NI Water,news.google.com,2026-07-10T06:41:00+00:00,NI Water’s tips to keep water flowing during warm weather - NorthernIrelandWorld,https://news.google.com/rss/articles/CBMisgFBVV95cUxNdVRvTUVHWU9qSElpVFZJRm8yLTllUXU0Q281cWlSWVI3TmN2aFR3ZlMwRmFCMkFGMlRybmk4RHhaVlZrTjRPaXo3bHZOcUk5VUxxbi02Z1A3U3NPU3lHTm5NZ29Ed2Q2Ny1Md3YxbVdrRFBMOTFDalZqcTBpR3RqNEdHcmhmZDZyRHdGbGU3SGt5QU5QWUdvR0hSZXM1QWxodDdRVHVUR2xTVWZnT2o0WG53?oc=5,NI Water’s tips to keep water flowing during warm weather NorthernIrelandWorld,,
MENTIONED,5,NI Water,Water,Google News: NI Water,news.google.com,2026-07-08T10:18:24+00:00,NI Water Urges Households To Skip Sprinklers In Hot Weather - 4ni,https://news.google.com/rss/articles/CBMirwFBVV95cUxPVTRjLTJXZHAyc3hIMnM3V2wtdHZrSWc5c001aFRlRzhHVzg0clRwYlZIZ1VqRGFuTGRvRTNmbllhb2hmVHYzTndtb1EtSzh1SUdPRy1CbHBVMWFlX2k4NDVHUkI4bmMtakpHejdseDdBbkhKeXVIdUJJbDFreHMtN18zU0VUUEFnNGhYbjRfWTBtRmtFbXd1NVozVWF6T3JMQjl0NTdaZFduUWNrVVJN?oc=5,NI Water Urges Households To Skip Sprinklers In Hot Weather 4ni,,
MENTIONED,5,NI Water,Water,Google News: NI Water,news.google.com,2026-07-08T09:57:00+00:00,Northern Ireland Water to take action against illegal Stoneyford bonfire - NorthernIrelandWorld,https://news.google.com/rss/articles/CBMixwFBVV95cUxOQVdhajdYQkhCX3ZyOU9vcWVQYmoxNFQ2bEl1b0dxZ1hWb18zZWRFV3VoUEFqNzk4cUs1a1ZRWlFWdTRvTTlIVVRzWmt6WmJNQXpKOWtKWjFwTVc5QTljNmMtQlRJanZfQ0xqb0o0R1Nsd2tMc29sWm9aal9TX2xJdHl1WWVCdVFkNjFmVjVkNWdLZllrakIxT0RiYzVBandPSC1VTWxJTkNpVno5MWNGWlZwRHlxb0Q3OENjTFhIelAwbnhwaWJj?oc=5,Northern Ireland Water to take action against illegal Stoneyford bonfire NorthernIrelandWorld,,
MENTIONED,5,NI Water,Water,Google News: NI Water,news.google.com,2026-07-06T11:58:57+00:00,NI Water Completes New Drumahoe Wastewater Pumping Station - 4ni,https://news.google.com/rss/articles/CBMirgFBVV95cUxNVEJHZ2NPc256R3MxMk5Dd29jRzhPTk9RdWhZRWgzTkpYYWwwS0M0dGxIMzhFblZBYTFKTllaZ0tmVFpJVTV5Y2ZSaTk3RkhZVEkyWW5yczVfR2V2NlBWVXN4bElFdzdRelF2YVpOcndYc3VOeHhDeDczSnZYbDlRQnl6TkJqeDRJZDBtNDQyam94TkpRZjJYaGFxeklhcmdwWkx1cTBTSU5Kd3NGRWc?oc=5,NI Water Completes New Drumahoe Wastewater Pumping Station 4ni,,
MENTIONED,5,National Grid,Electricity,Google News: National Grid,news.google.com,2026-07-08T08:33:21+00:00,National Grid Electricity Distribution to create independent Innovation Advisory Board - theenergyst.com,https://news.google.com/rss/articles/CBMisAFBVV95cUxOWUIxNGNkeWZiS3YwYTU5NktOLXdpMU1PNXZvZWlWVy1fYnFvWEIyVVFKSGVhODhweTZSem5vLTBfaVV2bndoUWI3SGZVX1JDckxLY0w2RE5BYmlES3NDalBwbWF2YVphdU8tUDRlZ2tYdUZlNVBKSnlSMzdJVUFRYW1HOU15UWhuQzE0QkptV1IzWnJwS1lYMV93WXZ1Nl9yWWFmYnNlUUlTeEpsdVNZSg?oc=5,National Grid Electricity Distribution to create independent Innovation Advisory Board theenergyst.com,,
MENTIONED,5,SSEN,Electricity,Google News: SSEN,news.google.com,2026-07-07T16:19:21+00:00,SSEN lodges planning application for new electricity substation in Lewis to connect windfarms - Hebrides News,https://news.google.com/rss/articles/CBMijAFBVV95cUxPUFV2aHpLWEVqeFF1TVZNVXhjMURZTGxOQkVPalBjY2l1V2cwaUpjNnZPQlhLbFE4NWUyYzlGbFc0NEduVkh1ejdyeWF2WE1iUDFfNlpjdFlDUEZTMUpWZmhBa1pRVS1DcXRzbHRXZEl1dXlLWW02Qjl2MHNjQ2ZKNFJkcGlYeVNNTTdhcQ?oc=5,SSEN lodges planning application for new electricity substation in Lewis to connect windfarms Hebrides News,,
MENTIONED,5,Ofwat,Regulator,Google News: Ofwat,news.google.com,2026-07-06T15:15:09+00:00,Ofwat threatens to tighten bonus ban amid ‘circumventing’ of rules - Utility Week,https://news.google.com/rss/articles/CBMilgFBVV95cUxQU0ZkUkJNamVPTFFoSlVXQzZiblpWdkR2UVdGdzc1MVZMd01BeThaRE9uTXRETzhWMXpFa0c5cjk4ZWlhQ1NmLWJzZTM3bl85YzBUQ1llbHM4Wk5JMmM5VUZqSkQ1SlNodzM3X1V6WGJsanBRMDdlT05hS2QwRTJKbWZLWXRUdjZIX3BmTmRhT19JOVpBY1HSAaIBQVVfeXFMUFlyc2FEOHZzanlwa3hPM1EzdzZsMjQ5bmtDOVFBajJmVlFmSU1EVE1uY1ZpMWplVElqTF9qWFMtWDhaNWpuSkVKNEI4VjI5WGxNMkFyamZWaldaMHRjS0xMYjZDWVItRnJ5YWRHa0VGdUsydUdpbUJDdm5VMHZyWVp0YzNYc2dGQV9aOVNCdEdBU3pjWllfSVdVN3Z0MzJlRmh3?oc=5,Ofwat threatens to tighten bonus ban amid ‘circumventing’ of rules Utility Week,,
MENTIONED,5,Ofwat,Regulator,Google News: Ofwat,news.google.com,2026-07-07T04:35:45+00:00,Ofwat warns water companies: executive pay decisions will face tougher scrutiny - Water Magazine,https://news.google.com/rss/articles/CBMivwFBVV95cUxOckVXNVhmOVVGTENyOElVV28zNm9heC1rX1BWZl9CQWhPaFY3S083bXNfeDNOTmQzYVpaeDY2YTZuV0dtUW5BMmxUV2RrTWIyM1lEeUZpR2wwcE5qeWtfUUdWcVFyQUg0WXo3OWZSQ1ZSLTV0aG1aZ1R2aXBPMFVwNVFPeE55VWZJMFEtZXU5ZlJ4Zmd2TGZZcUVNTWtoa1lRNGJkWTIwYjVVeEc5cEdPdUdLd3dvcHZHR2xrVnpmSQ?oc=5,Ofwat warns water companies: executive pay decisions will face tougher scrutiny Water Magazine,,
MENTIONED,5,Ofgem,Regulator,Google News: Ofgem,news.google.com,2026-07-10T15:35:02+00:00,Ofgem pushes ahead with plans for demand queue fee - Utility Week,https://news.google.com/rss/articles/CBMigwFBVV95cUxPTDdkNmZadTB2TFRoTzF4OFpXNFFuU0JzX3NMRmttemxIMFB1S3RjRV9oMEZVdUVsbW84WHRYX1NRVFJqSHR6cUNSckozYjcxTUI0QUhXMG1zQVhCbnZYNmFfSzR0QUo4SWF6UXd1MGZhN2RINW1xQkxTUDlWcjFPbGxyNNIBjwFBVV95cUxOZFJqbjJoMkRJdnBsQ2FVQzllSkxqYUZrYk02N0hndm9PVFNOZjBlZUZWdjVXNWhzLU1FUy12ZXlyVlN3UlcwbmVUSThGaDJEZHg3Z0NFQklYQ09lbXRoQkZhZC0zcjJlX1JuY1NTaTVmeW1TQWJlT2tZdmVlX0FaX0RNRUxLT3BFUG9NRTF0dw?oc=5,Ofgem pushes ahead with plans for demand queue fee Utility Week,,
MENTIONED,5,Ofgem,Regulator,Google News: Ofgem,news.google.com,2026-07-08T12:39:59+00:00,Storage and system stress: what Ofgem's LDES decision and heatwave margin notices mean for UK power markets - Dentons,https://news.google.com/rss/articles/CBMi2AFBVV95cUxObm1ZZ3hSbnBCTks0eEd3YlU1V2tEVTNDdE1NUm1LMmdPMC1fTEdUWnFpMUtqaENiSkxrX1pscDcxUHRKWTgzam1pUzRRUmZyWFM2ejl1c0psQWtiVEFOSTJaMDRESTB2aXlsQWdiZXlyYjJxOEdxODhqV0tIa3poZDBBWlNqTVNBOWR1cUsxNmY1NGlvd0JhZDlUNzg2ejBqeDVpWmk0VWE1eE9kZWpTRFozRkZZSHBzdWRqaVp3WDQxMDZXcjdzRXdjWHBoLW12T1VLUHN5cUs?oc=5,Storage and system stress: what Ofgem's LDES decision and heatwave margin notices mean for UK power markets Dentons,,
MENTIONED,5,Ofgem,Regulator,Google News: Ofgem,news.google.com,2026-07-09T04:22:46+00:00,Energy bills update as Ofgem shares rules over 'backbilling' - you could get refund - Wales Online,https://news.google.com/rss/articles/CBMilgFBVV95cUxQZ2tLakRDMmlIMk4xYjc4NlpKMzFSUXB2MzkwSE1KbmNXNW1VbmU0M21CY1laazRSaWxBbFhiYWdBN1cwNDNDZ09hdUV6RHI5QVBhRVkwS0VtVUdhNjZEWUpiSEcyY3FTaC0tQnNUeUhNUmRvVkNyVzZhek5UUzJ4NUlZSUVibk1RVm9SQ3FSajl4YU1kVlHSAZsBQVVfeXFMTTlieVdZaEZiaWRBN1BNUWRSS0F6SVZLQ2h5emJpN2xkRjFyLVZqTUlOLUx0SXR3ajRTMTZhOXh6dllZNGd0MlRHMWdLTlFoSDh3aTljbWZBMXVFdFJjOWpycmk3UGt0Ry1oR0paQ0ZWREJfb3FGaWVaWjM2U0VmTjRFT2E0ZzhkMjdHNVRYQ2pnZVNaZGdSekduUmc?oc=5,Energy bills update as Ofgem shares rules over 'backbilling' - you could get refund Wales Online,,
MENTIONED,5,Ofgem,Regulator,Google News: Ofgem,news.google.com,2026-07-07T07:00:00+00:00,Ofgem warns UK energy bills may stay high - MSN,https://news.google.com/rss/articles/CBMipwFBVV95cUxNUzdqTHF6c3AxWFkxUlhhNXQ2SXBtcTJ4T3M4dmVUWlBoRnNHZUExcmxjTU1xZk54TnJBVXAxM0owZ0h5TUZ6WUc4TWVnYUpZRzBaMVZJZFVWLVFQNlZ1aEltMFZPdzRmMEk2dnFxa0UtM3RTRE1qaUNCeWc1MWpoeGRYdWtfTDJPbU5HVm42WHJyQS1ZaEhvUFZlMHI2OTUydmFzYzRUUQ?oc=5,Ofgem warns UK energy bills may stay high MSN,,
MENTIONED,5,RWE,Electricity,Google News: RWE,news.google.com,2026-07-07T08:23:51+00:00,Dogger Bank Wind Farm Challenges UK Approval of Nearby RWE Site - Energy Connects,https://news.google.com/rss/articles/CBMivgFBVV95cUxNVk5kSWZyXzBaM3M3d1NkSHZIX0lnbjRsRXRWUkZyZ1pOUGttMGxVZXBnV1ljOGkwNk9QQXd5UXFFRUtuYUd2RFZLUzRKcll3NXZ0NXlyQ0I5ZWZtLXRoRTJHdmlraklGMW5IM3l2TkVsTHhlRzdjd2lsX3BSTEFtdUtTaXdqN1hHUWRGTThoWVlRa0xzbDgtV29uSUN1Q2hETm1meHhaelRuMm5mT0l6SnM0LTc3b2dPN1U0cWZ3?oc=5,Dogger Bank Wind Farm Challenges UK Approval of Nearby RWE Site Energy Connects,,
MENTIONED,5,RWE,Electricity,Google News: RWE,news.google.com,2026-07-06T14:18:06+00:00,RWE defends 'rigorous' consent of offshore wind farm challenged by Equinor - Recharge News,https://news.google.com/rss/articles/CBMiuwFBVV95cUxOVVZCVGRsRUpCRWh0MHI3czlaclZPMGVvSGY3QzZCM3c2bV85YXV3TE5lYXJrVGQxLV9HRkUwc2VyY25kM3k0VWRWLWgtTVpPSFU4cllhdEtTb1JpWUNGaFpOcWtxamZ2bTA1NEpIczdGU2Mxb09YT3BGQm9Fc0tkN3ZoRXhHVDlGekNuS0tHNWs5TEZBVFZ6NUMwWV8yZkJtZEhxdm5ZT0d5cGladDJxa2RScTg0VEg3MENr?oc=5,RWE defends 'rigorous' consent of offshore wind farm challenged by Equinor Recharge News,,
MENTIONED,5,RWE,Electricity,Google News: RWE,news.google.com,2026-07-07T14:45:13+00:00,"Google, RWE Among Investors in German Fusion Start-Up - Energy Intelligence",https://news.google.com/rss/articles/CBMickFVX3lxTE5aVzg5d1EzSEJjeEw4aXd4Q0J0R3RIUWx6UVczeHc5TEJaMWhxMTFzNUFpamdKNFEweE8xYjdrVkNTeVdCNFZ3ZlIyclZVT3M2YUtKWEJyMGcxcllYTGZMNnpVdXgzWVIwc0xDXzJxb2tCZw?oc=5,"Google, RWE Among Investors in German Fusion Start-Up Energy Intelligence",,
MENTIONED,5,Climate Change Committee,Industry Body,Google News: Climate Change Committee,news.google.com,2026-07-08T05:00:00+00:00,Government denies cow and sheep numbers will be cut after Climate Change Committee recommendation - Yorkshire Post,https://news.google.com/rss/articles/CBMipwFBVV95cUxQRndLeXhDSlhSaVk4TzY3MTRPYVlvcXRwT2I4T01uU21FMm5OMWtITU13WkhJN25feE8ySGRMYWxBVHBaM2JibDdoVThsWWtzRWJmdlBZaGktTl9nMlZXSmlYUmtZa1A2dHlfRzgxWFN6NTRHZ1FZVlNPYlluZlJOcHh6QlJ0ZmZad1NFYXc1Zzk3OVVoZHl0NDBRMXBLS2J0M1R6VDlWVQ?oc=5,Government denies cow and sheep numbers will be cut after Climate Change Committee recommendation Yorkshire Post,,
MENTIONED,5,BT Group,Telecoms,Google News: BT Group,news.google.com,2026-07-08T17:30:32+00:00,"BT Group and Verizon agree ""multinational"" deal - Land Mobile",https://news.google.com/rss/articles/CBMikAFBVV95cUxORWlpTmZmMXc3WHlqZ0laUlRlWmdxWk40TDZweERyalVGWmZZMTlYQVBBQlhtdE02MzU4TDQxR01Qc2tFa3hiZDE5Tnp3U1RPYlFvNXZoYmtKQ09UWTlJUXdQTUYzMnRsYUlLbFIyaVdWNGNseXQzd3VydlFCTUwxaktqZ1hJOHpTWFJXcksxN04?oc=5,"BT Group and Verizon agree ""multinational"" deal Land Mobile",,
MENTIONED,5,Informa,Media,Google News: Informa,news.google.com,2026-07-09T14:39:46+00:00,"If You Invested $1,000 in Informa Plc (IFJPY) - Stock Titan",https://news.google.com/rss/articles/CBMib0FVX3lxTE5xX0hWX29XamRWY1RHRUp1TzM1bl9EVjJ4RjJpa251TXhocDNRTnZ6VFNtU09rY2ZwT01QeEwtNWEtWE5wLVB0MkZDRWFTR0lMUHZtYmVnMEF2TUpTaDFtYmhXT3lYN1dvMmI0WmNYdw?oc=5,"If You Invested $1,000 in Informa Plc (IFJPY) Stock Titan",,
MENTIONED,5,Informa,Media,Google News: Informa,news.google.com,2026-07-08T05:20:14+00:00,Fashion by Informa names new VP of events for Las Vegas and Nashville marketplaces - FashionNetwork - The World's Fashion Business News,https://news.google.com/rss/articles/CBMiygFBVV95cUxOQVlDT3hFaWJnQzAzU0daODBtcXpleWVvcTFGYzJzNk55VnlTZjBidzFwNVhsdTNPeWdHY2RPdWJUaXNVdl9DbTBRdUZfTnA4WF9QUE1GMDdUOUVQRjNCTUdISlpxcnhYaHNkeXNnZmNWSXp3LXlBT0xLVUdaeWVfbHVwVjRHenExaElDcTlkUzhXUWhGYlNNY0V2cUpUdjBKQXYyVloxd3JHWmM0emZuQUlxdThMMHBhN2czWTl1bHVMYjVzWE14TGdR?oc=5,Fashion by Informa names new VP of events for Las Vegas and Nashville marketplaces FashionNetwork - The World's Fashion Business News,,
MENTIONED,5,Informa,Media,Google News: Informa,news.google.com,2026-07-09T06:35:40+00:00,Informa plc outlines growth ambitions as events and data businesses expand - ad-hoc-news.de,https://news.google.com/rss/articles/CBMizgFBVV95cUxNY1l1M1R2R2dHaHdKTUNybVpDMllPdHAyMTRKeXAzeGcwM3Vyb2hNWmFaWFpzVVJ5YjBEb3hCLVdMWlVMbVNoS3BGQjQ0MmZkSTlaUmN0YUdMQzBuVm9ISV8xVm1KdFFRZmJXM0did0VuQUptYlA4cUdKU0xwbUVyOTJhemNjeTBoOXNZcWh6S2dfdmt1RDZqMnZYbXlDd2k0cTRGRjFvUkRUcUdvQmE0Wks1Y0UzSnQ4Qk5KM2haaTJjRVVHN1BqRHN5bVZHdw?oc=5,Informa plc outlines growth ambitions as events and data businesses expand ad-hoc-news.de,,
MENTIONED,5,Informa,Media,Google News: Informa,news.google.com,2026-07-07T21:28:52+00:00,Fashion by Informa Names Emilie Lewis VP of Events - WWD,https://news.google.com/rss/articles/CBMimgFBVV95cUxQb2NqMHhCYnVibUtvNFUwZnNCMzVTR2x5Mm5QTGZnV1djekVYZC1tcFNoX1I5M0FZLTJ5MWFpQ2lKSjJlcjFOall2OEpsQTVQYjh6c19pYmpXRkRDY3BJQW5odTdkTGUzZjVtTERzUXMteWlUS2VSOXFkMmJGV2dFOE9KTjFRMklSMHBhOVAtSTdWYmlOVW5FUEJ3?oc=5,Fashion by Informa Names Emilie Lewis VP of Events WWD,,
MENTIONED,5,Vodafone,Telecoms,Google News: Vodafone,news.google.com,2026-07-08T23:01:00+00:00,Vodafone Trials New Energy-Saving 5G Mobile Antennas and Software - ISPreview UK,https://news.google.com/rss/articles/CBMitwFBVV95cUxNYk5tSEV1cGxVeGIzVTlNSUFCT1NGeGJKa0lERzlOUy1rVlZVLTdBM3JicEVDdW0waWt6c21kSGg5MkpqTk9xUV9ZQlBuTEFwRkFVb1EtXy1YTGc5VDZoeWZHdWFTMWRWSzhVT3dmRW11VFpTRVI1R0ZZWEMxQ1BEa3NvZzUxcEFQa2VveXFPeXBxTEpzU1JDOUd0OVVLbjdSdlZFZDVpRTFZc2E1Yy1GQWs4aG80SGs?oc=5,Vodafone Trials New Energy-Saving 5G Mobile Antennas and Software ISPreview UK,,
MENTIONED,5,Vodafone,Telecoms,Google News: Vodafone,news.google.com,2026-07-10T13:19:35+00:00,"European Stocks Hold Steady as Vodafone, EasyJet and Hays Rally Amid Geopolitical Caution: DAX, CAC, FTSE100 - Yahoo Finance UK",https://news.google.com/rss/articles/CBMijgFBVV95cUxPRkp1MllWbWJNdUdYRlczS3dOSjJjRDh3YVA1dzY3dThydlZZTXMzcWdHU2tDTVlnTVpJd0NEMGZLNXI2eEU5d0ZjSF9yenMtanc2NFZzTTZFVGI3UVdvQWpBaFhITHB3SjUzZnBwSy1sdkRVQkZTZUpMUmRtWFFfRDZVTW9hWVdxQzBtV05B?oc=5,"European Stocks Hold Steady as Vodafone, EasyJet and Hays Rally Amid Geopolitical Caution: DAX, CAC, FTSE100 Yahoo Finance UK",,
MENTIONED,5,Vodafone,Telecoms,Google News: Vodafone,news.google.com,2026-07-10T20:03:05+00:00,Vodafone Group Spikes 13%: Here’s the Story - Yahoo Finance,https://news.google.com/rss/articles/CBMimwFBVV95cUxOeEpWZ2R3NERwWmo0MVJmcXZaajFWVE1tOXNoTHZUczhSSDVicXU4VnB5VjlnZ2pjMHdaN3c4bjZhZ05lQUdydHp0RmszeGNOdW1XOGJ0c21mNlVJOG1oNGxJckNKSGx0MmpDWld5ZXlIVHRKN2ZaMmNWb0R3Mk1fTnNoNUE3TDAtYy1xYUdkNm91aWl5bUtrVlVTMA?oc=5,Vodafone Group Spikes 13%: Here’s the Story Yahoo Finance,,
MENTIONED,5,Vodafone,Telecoms,Google News: Vodafone,news.google.com,2026-07-10T18:06:47+00:00,Vodafone Stock Catalyst Sparks Fresh Interest In European Telecom Dividend Shares - simplywall.st,https://news.google.com/rss/articles/CBMi0gFBVV95cUxQTnpGLW0xcXhBMVU5bmxiUU5HNXg4NlY0QkxUY1kzMTUyS0hLZUxsTldSVW1CT3BrSFFicXhMaGJJeEsxV19samU1QnhieHdKLThIa1h4RmpIOWVPWGpDYndKMno4anROM2dlVFZxNWVpTUh3ZFFXRVdzUGZyUjJjRVlRZWhJdkF3LXVDMDVDalpkNVhxM25ob3gwRzBSbUtHNy1xdFJINDlnYVh4YmhTaGVGcHlOQTlpQmNMSUl0SG1GOWxCSmZxRGZxQ21XNnkyd3fSAdcBQVVfeXFMTkNoTlZjOWhtVkFvd0dqaktHZ0VJRDdzOFRfWTRHaDlWYW8yZGxCd0FBajBocmlGcTZBczl5S0J5cGgwTlRfOE0xZFNaXy1OSVRZOUpObzFDdFdfR09QNjZnSlJwTExhQWNkVklJeFk3LXpOWHlXdmJ5Sm02dEI3elBmakpyVDVIRmxwSkxzaFdya3d4eDZhcW4tTlQ4YzczUEVpSWhSaWpiRU54MDJRVXV3X0N5QkVNa2wwdUNFOXAzOUxiYkNmWVhULVhwQmN3Z2pDVy05LVU?oc=5,Vodafone Stock Catalyst Sparks Fresh Interest In European Telecom Dividend Shares simplywall.st,,
MENTIONED,5,Virgin Media O2,Telecoms,Google News: Virgin Media O2,news.google.com,2026-07-08T20:18:37+00:00,How to watch Conor McGregor vs Max Holloway II on Virgin TV - Virgin Media,https://news.google.com/rss/articles/CBMifEFVX3lxTFAxUm1ESl9IOHBfSTlTZDdnNDROT0hURUQwQ3BQaHpOSDRieV9IQklpZXY5N09GVVRnQ3Q1WEl0X3A2ZEN1WkZYczJ5VG10UzcyNHV0eVA4eWhYV3Z4QW1yZ3huMlVnY01leVc3N0hBazB5OEFRVWgwNDIyLXQ?oc=5,How to watch Conor McGregor vs Max Holloway II on Virgin TV Virgin Media,,
MENTIONED,5,Virgin Media O2,Telecoms,Google News: Virgin Media O2,news.google.com,2026-07-08T19:56:37+00:00,Celebrate SpongeBob's Birthday with Nickelodeon's top 50 episodes - Virgin Media,https://news.google.com/rss/articles/CBMiekFVX3lxTE1tTnlrYTJuSUxOOVhqNTc5THlKMnc2QzA4aTZtbUtyQ2dpUDNoeFpwTkpiQkZjcGllbVdrXy15UDdxc3B5a0dwNmlVVWE0S3E5czlaN08zMWRxY3VfMkdJLUtmalFJbm5xZU9PR0wxM245T0hSSmdrMTdB?oc=5,Celebrate SpongeBob's Birthday with Nickelodeon's top 50 episodes Virgin Media,,
MENTIONED,5,Virgin Media O2,Telecoms,Google News: Ofcom (telecoms regulator),news.google.com,2026-07-08T15:47:00+00:00,"I was gaslighted by Virgin Media – for years, they’ve ‘trapped’ customers like me - The Independent",https://news.google.com/rss/articles/CBMimAFBVV95cUxQY1lSSHpJd2ZhSlZuT01vLURaX2IwZllIa0l2MVIwMmw3cks0OU51SXdfeG4zMWMzRmd4dUJFbU1mZ0lQX0dJUzhiQnpIVC1zN1VjZDVybDNDMTV5czRranNuZzlNTjdJeXJlQk5mbHNRSE5wNmJyTDBybDVwR24zSlNDeDFoVTVpRDBQdDY1bEkxVURQNkJSOQ?oc=5,"I was gaslighted by Virgin Media – for years, they’ve ‘trapped’ customers like me The Independent",,
MENTIONED,5,DCC plc,Electricity,Google News: DCC plc,news.google.com,2026-07-09T07:00:00+00:00,Dimensional Fund Advisors discloses 1.95% stake in DCC PLC ordinary shares. - Pluang,https://news.google.com/rss/articles/CBMijgFBVV95cUxPcWVQYmhLamxkLU1aejVDN1puNnFWUENIdzk0VXpRRzhVQTNwM2t1WXVhODRmZUdNTDFTdFdheXZrVjRRNU84dEJFWHlLeTRwZzExZWE1UHY1OTlsQVJJWVVHTXZBeWo0bUZqTVhFM0JJa1NDSE15ZGZXLWVULVd5aVNLbW91dlVEak5acmtR?oc=5,Dimensional Fund Advisors discloses 1.95% stake in DCC PLC ordinary shares. Pluang,,+1 other outlet covered this
MENTIONED,4,Ofwat,Regulator,Ofwat News,ofwat.gov.uk,2026-07-06T08:44:33+00:00,Water company bonuses must reflect performance,https://www.ofwat.gov.uk/water-company-bonuses-must-reflect-performance/,"By Helen Campbell, Interim Executive Director, Delivery Public trust in the water sector remains low, and the payment of executive bonuses which do not properly reflect performance is part of the reason why. Each year […]
The post Water company bonuses must reflect performance appeared first on Ofwat.",,
PRIORITY,18,Severn Trent | Ofwat,Water,Ofwat News,ofwat.gov.uk,2026-07-08T06:01:22+00:00,Enforcement case into Severn Trent Water’s management of its sewage treatment works and sewerage network,https://www.ofwat.gov.uk/enforcement-case-into-severn-trent-waters-management-of-its-sewage-treatment-works-and-sewerage-network/,"Case summary In July 2024 we opened an enforcement investigation into Severn Trent Water to investigate whether it was managing its wastewater treatment works and networks appropriately, such that the company limits spills and environmental […]
The post Enforcement case into Severn Trent Water’s management of its sewage treatment works and sewerage network appeared first on Ofwat.",regulatory_and_compliance,+20 other outlets covered this
PRIORITY,18,Severn Trent | Ofwat,Water,Ofwat News,ofwat.gov.uk,2026-07-08T06:07:55+00:00,Ofwat finds Severn Trent Water in breach of wastewater obligations,https://www.ofwat.gov.uk/ofwat-finds-severn-trent-water-in-breach-of-wastewater-obligations/,"Severn Trent Water found to have had serious failings in its duties to deal effectively with wastewater and sewage.  Severn Trent Water proactively identified problems and shareholders invested £98m towards fixing the issues — before Ofwat opened its enforcement case.  Average spills from storm overflows reduced by 41% year on year in 2025, with […]
The post Ofwat finds Severn Trent Water in breach of wastewater obligations appeared first on Ofwat.",regulatory_and_compliance,+4 other outlets covered this
PRIORITY,15,South East Water | Ofwat,Water,Ofwat News,ofwat.gov.uk,2026-07-08T13:53:48+00:00,South East Water’s breach of Condition P26 of its Licence,https://www.ofwat.gov.uk/south-east-waters-breach-of-condition-p26-of-its-licence/,"On 28 May 2026, Moody’s downgraded the Class A Debt Rating of South East Water Finance Limited (the financial subsidiary of South East Water Limited) to Ba1. This rating was below Investment Grade. As a result, South East Water no longer held two Issuer Credit Ratings that are Investment Grade Ratings, putting it in […]
The post South East Water’s breach of Condition P26 of its Licence appeared first on Ofwat.",financial_distress_or_crisis,
PRIORITY,12,Anglian Water | South Staffs Water,Water,Google News: Anglian Water,news.google.com,2026-07-10T11:33:22+00:00,What will Anglian Water and Cambridge Water hosepipe ban mean? - BBC,https://news.google.com/rss/articles/CBMiXEFVX3lxTE12ZnI4S21laVhSU3pnX2lKLWU3V3pLOXFhTTJqcnRkWHF2bUgyQVV3VDljRjZ3am82WTRneGFNbXVsVVhRWEkyQW9ETGItWm03aVNGVEJfSkxjT2RL?oc=5,What will Anglian Water and Cambridge Water hosepipe ban mean? BBC How are people adapting to the East of England hosepipe ban? BBC Is there a hosepipe ban in my area? Map shows restrictions closing in on London standard.co.uk Anglian Water Hose Pipe Ban Update Essex Cricket Anglian Water announces temporary hosepipe ban West Suffolk Council Hosepipe ban to hit millions more — check if your area is affected The Times Suffolk farmers 'likely' to face water restrictions in next week to 10 days East Anglian Daily Times New hosepipe ban imposed as Britain swelters in third heatwave The Telegraph Millions hit by new hosepipe ban | ITV News ITVX,,+3 other outlets covered this
PRIORITY,12,Virgin Media O2,Telecoms,Google News: Virgin Media O2,news.google.com,2026-07-07T11:17:26+00:00,Virgin Media O2 Adopts Cloud-first Strategy for Data Transformation - Tata Consultancy Services,https://news.google.com/rss/articles/CBMi7wFBVV95cUxOaDZCZWtBNmRIOTVQNFRYMWUxcUUzMHpPVEJmNkpKbk5GUU95SnV0cW1QcFYtOHUyT25ZaG9UM09OR3dDdDRkTkRkRVFwczBNX0RfdXl2S0Y1X1VTX3I3OTZWdlVmNTN5cTdCSkk5S04zZXZ4RVFPSFBHRzRQZXlnTXdnMHBaZ1g3SHNIZnQ0cjV2ei1sZjRsM1lkbjhqd2NGdVFfZm1FdWIyM3NNNGY3MXlsbFN4bXpvWUEwTWd4c01peUlBU1loS0wtM05sd2NFZlRGdWR6ZmpoNUZkS1cxUlFUSW5uQkwtR1c4N0c5Yw?oc=5,Virgin Media O2 Adopts Cloud-first Strategy for Data Transformation Tata Consultancy Services,strategy_and_transformation,
PRIORITY,11,Scottish Water,Water,Google News: Scottish Water,news.google.com,2026-07-08T22:12:55+00:00,Delivering business‑led transformation of enterprise asset management for Scottish Water - Capgemini,https://news.google.com/rss/articles/CBMi2AFBVV95cUxNR1JKYWJLc3UxUXN0OTMzaUlTaDdZeDhiMGZqcVM5QlhDWllkWEpLYjJuc0JWWW05c0F4emxQQTlIY1p0YTRiV3JmUEV6NjFSOFBZcFBGWHdfaTRHM2V6cXdWUVVpaG9UNFd2QkloNlBXOEhCRnV5RWFfYkdGM1Y2cURtSUc0VjFpdE9XU2F2cjNmWnpFVzlRZHBuTzFQb181bVp0SjlVYm5ON21JMGp6alBNcV9ON2lQSlJ6Yl9vV2gzOFRidlVqQnp3UU1lcjdINHZWOFIxcjc?oc=5,Delivering business‑led transformation of enterprise asset management for Scottish Water Capgemini,strategy_and_transformation | technology_and_data | media_and_events,
PRIORITY,10,Virgin Media O2,Telecoms,Google News: Ofcom (telecoms regulator),news.google.com,2026-07-08T08:02:55+00:00,Virgin Media Fined $37 Million by UK Regulator for Contract Issues - Global Banking & Finance Review,https://news.google.com/rss/articles/CBMimgFBVV95cUxOOTQwNU1BclNBMjhHa2RNSEdlX3dmeHRvRUxYS0pscmJvM2VjWjhicVl4bVVYMDlRQjlnY0l5OU5nNzZWLXhEcnB6Z3JxTThYTXh6bEdSYWMzTTE2aUVVT2NqVFFXd0ZCMjgwTkxIYk9YUGV2Vnd3NjNqeUJoUW1xbDRoZENPRVk1cDR0c0ZRUDhydFpkaWh0ckVB?oc=5,Virgin Media Fined $37 Million by UK Regulator for Contract Issues Global Banking & Finance Review,regulatory_and_compliance,+19 other outlets covered this
RELEVANT,9,Scottish Water,Water,Google News: Scottish Water,news.google.com,2026-07-09T16:00:00+00:00,Falkirk MP questions Scottish Water CEO on 'bad taste' drinking water issue - Falkirk Herald,https://news.google.com/rss/articles/CBMiygFBVV95cUxNeERQRzQtOXcxU1dxU1YtRUhzc0tEX2ZIQVN1SzVuNkdYcllrc3pkbmJKQWFFalNUb2FzWVdfZDhYVExEakhuYjZCREk4WmRFc3NzeU9HMlFBN1E2VlZLRWhKUXRlemdzMzVCZFZra0xXZFliQUhHVW1BVkdtdHNzeW1WMXlhQUwtX3RoSkpUS3gxNFpQOUpRYTVaYTd3MExkNVktVUFnM1JRUjdRTFByVEZsSlcxbndHbWVhQW12NGlrMU5MSXlCY1pR?oc=5,Falkirk MP questions Scottish Water CEO on 'bad taste' drinking water issue Falkirk Herald,leadership_and_governance | media_and_events,
RELEVANT,9,Ofgem,Regulator,Google News: Ofgem,news.google.com,2026-07-08T06:00:00+00:00,REG - OFGEM Capita PLC - Smart DCC Ltd pays £200k after Ofgem investigation - TradingView,https://news.google.com/rss/articles/CBMi3wFBVV95cUxQcHZhZzNwSnZVM21RZUI5VXh1SWliMTNaeThoVjhObVhGSllTU2xEY3VLdG1nTENLSkRkY1BTdjdJYjVtOG9qVlprQUVxNTRIeHZyWWlFOURaeXFlVmpQMTdSSnNxRUZ0eDZPZnltbWROU2ZsamhDMF9kRHd4eWttVDJ1eTNxRThCTTFCUXVKcjJEY0pDVGF2UktTUlEtaDlTdW1GdEZxS25fSWNBUWJpaFJZQVJXQ0pkQnk4WVFxRUNhSXlRellRdFhyQ3RNZmR6UEF4UXI1ZVRYXzF3QVBn?oc=5,REG - OFGEM Capita PLC - Smart DCC Ltd pays £200k after Ofgem investigation TradingView,regulatory_and_compliance,+1 other outlet covered this
RELEVANT,9,DCC plc,Electricity,Google News: DCC plc,news.google.com,2026-07-10T10:51:05+00:00,REG - Barclays PLC DCC PLC - Irish Takeover Panel FORM 38.5(b) DCC PLC - TradingView,https://news.google.com/rss/articles/CBMi2AFBVV95cUxQVWU0SHpKZjhiVU15NV9TWjlpM2FHcnJia2FsMEZQaDBZRHdpZ3ZqQUExdkFkb0tTT3NtdEZ4bUJUcUdtelJxdVZZSG5RbGRHVHhZTDBqVm1oNG5lY0pJNEpxOS1LanpacTlPOWU5UW03NElyZEZaeW1aaWZwTlF5S2FzbFZ2UGl6TmJfUzdwMzlXalRRWG1fUWpKNjF4ZDBubkdVdVF5ZXk0NXJ3X05jRF9XanMwRWlYOGlkWTlLTXJzcTV2bm1xbEJ2OHJZSGw5T0otZjFFQUM?oc=5,REG - Barclays PLC DCC PLC - Irish Takeover Panel FORM 38.5(b) DCC PLC TradingView,ma_and_corporate_activity,+7 other outlets covered this
RELEVANT,8,South West Water,Water,Google News: South West Water,news.google.com,2026-07-09T06:02:08+00:00,Former South West Water CEO received £360k despite debt claims in Brixham court case - Kingsbridge & Salcombe Gazette,https://news.google.com/rss/articles/CBMi0gFBVV95cUxPU1FjdDJ6bDVpdVFxcnJWQXNLLUFHYThjZVJHeDRpbVlKY1ZBek9PemhvWFA5RlZJTHVwTUt2WGJzNmxsSEZSQnpvMTZPS1pxdU5McmdBeG41dUthU3ZxM1dxOHdwNnNuMEltRTJSakxfSHJmSzNGcWNnZ05JQzlnSFA1S3NEXzVCUHNVSnN1enNlckxxbkFlUG42ckx2Nk1uUTVQRTZBVnhIM05CX0JkNVh6MHdZaGJOd0thYUpfZzRDS1ZkMXZSdEN0MF8wY0xveHc?oc=5,Former South West Water CEO received £360k despite debt claims in Brixham court case Kingsbridge & Salcombe Gazette,,
RELEVANT,8,Southern Water,Water,Google News: Southern Water,news.google.com,2026-07-06T15:29:30+00:00,Southern Water announces £30 million programme in Thanet to modernise water network - The Isle of Thanet News,https://news.google.com/rss/articles/CBMixAFBVV95cUxPdVBTckYzZUVaNWE4SEsyQ2ttbjVVYWJxRGFqV2tjNEdmWHg5UEhvdGotdXdPbHFOMXpWV0tHb2JWZEJOQkhRa0I1Y0JMUXktU3JNWGJHTGQ2MWM3VVhhWUlySTBJUHl4UFpkOG1ZQlBmYlpOZWo1am51RlVCNmFzcGZrTDhVYW1qQU5sWEZoblJZcF9hR0RQMEZXTmNkcEJfdjlFd1gwVk5VTFFZbmVrZUZPWWxvY0Q1VmE2TnMxWjdUUnFr?oc=5,Southern Water announces £30 million programme in Thanet to modernise water network The Isle of Thanet News,,
RELEVANT,7,Thames Water,Water,Google News: Thames Water,news.google.com,2026-07-09T02:01:16+00:00,Full list of six London postcodes and other areas impacted by Thames Water outage - My London,https://news.google.com/rss/articles/CBMiiAFBVV95cUxOR29TU3RKYkJhZktrdXNLMWdQZmJvX0JpcG9raEE3TFZQUFRweXlPZUloV21xSzJnQ190VmZHUVZuZW00U2NoNXBBZTNmWnh2Z1k5aWNGUTRaYmMzRXpKdFJGeEY0UllHSlRpZWZ3TzM0LWpFdk9rS0V5Zm0zeWtMdE42TE9PeXpk0gGOAUFVX3lxTE1ZdVdWcWlPbkNESHJWMGoyTk1MSUxIRkxTODJlbEdrSk5XMkVfLV9BeFkxQ2RMUzVpSGVzOW5KS3pzSHpxYUdVMEUzVnY2cVhIWjZkUXZWSXhhQlo4NURZNEZ2NzN4d0k4azE5a0l4bm1IZGMzbjhmUklYVFNwVmxrcnVhYllvRVRBdjc1dFE?oc=5,Full list of six London postcodes and other areas impacted by Thames Water outage My London,customer_and_service,+1 other outlet covered this
RELEVANT,7,Thames Water,Water,Google News: Thames Water,news.google.com,2026-07-08T16:49:42+00:00,Thames Water creditors pledge fresh support as audit deadline looms | Mark Kleinman blog - MKFM,https://news.google.com/rss/articles/CBMivwFBVV95cUxONVNHYVZzRnRvVXVKdGdxdF9qNnlSM3BWY1I1Q0NMeXBGU2c4WVdmNU1oMWI2cHhnNFNCSm5XWnZrc0pmeGxXckxpNm42Y3NyTDdLQTQ3RmJKWnJHYzBBVl9ieEF3SmIyUW1LdjZ1SktXYnlQa29VdTBIc0lPRnVmbDFFUlpXa2dheU1RYkhkM0ZqQWdUYXBfTGdibHc2eGJpVkhERHVNcV9fRFVQREpGRG1OSk5VMkZUeUk0ajh2TQ?oc=5,Thames Water creditors pledge fresh support as audit deadline looms | Mark Kleinman blog MKFM,financial_distress_or_crisis,
RELEVANT,7,Thames Water,Water,Google News: Thames Water,news.google.com,2026-07-07T04:00:23+00:00,Thames Water creditors willing to bid for utility even if it is nationalised - Financial Times,https://news.google.com/rss/articles/CBMihAFBVV95cUxPRDRndGFhMlc4bDc0bkI5NjJTQkRLSS1NY1JlNW80dy0zZmlDbXdtblNjbnFmSGNtVXdZWEE0bFUxSE82Wlp2TUkxMm9GSTFnQW01WU95NGNRV1h0SWZUVDZmT0I5bllBVDZGVTdMd1pmNWJ3czBzQzVLaVdBZkxlMHRuY0U?oc=5,Thames Water creditors willing to bid for utility even if it is nationalised Financial Times,financial_distress_or_crisis,
RELEVANT,7,Thames Water,Water,Google News: Thames Water,news.google.com,2026-07-06T10:10:40+00:00,Thames Water slows rate of reporting pollution incidents - The Times,https://news.google.com/rss/articles/CBMirAFBVV95cUxQSF9sZnlHME1PVzJ6NkhHeU5fTFR4anB0WWZQRDhTT2k2Y0hVUTBRUlgzS1RzdUI5cUtpd2RVbW54T251ZWxMb1U0RjNPVXFBaDNNS1RocXh5T3c4YnM4Nm0xSGcwZVg4VlkwdkFhVFhraVFkakdiVjBWWi1kb29yU05Ja3VVMkxKaDd3dnFKN0o5MU1iSVpIdUFBTHFmY01zR2NnVzlhTUhHR3dL?oc=5,Thames Water slows rate of reporting pollution incidents The Times,customer_and_service,
RELEVANT,7,Severn Trent,Water,Google News: Severn Trent,news.google.com,2026-07-12T13:37:40+00:00,Severn Trent Water records highest ever demand amid heatwave - BBC,https://news.google.com/rss/articles/CBMiXEFVX3lxTE9TU3hOY3B0eGRDWXFjNlZCMUtibWdMZEY0b09zdGQ3b1lrTk42YXY0eC1ud2xEZFNJVmU2eDVKUXFLVWRmOTVuY1lseFlNazFPTmQxTVBaamQ5dlQ4?oc=5,Severn Trent Water records highest ever demand amid heatwave BBC,,+3 other outlets covered this
RELEVANT,7,Severn Trent,Water,Google News: Severn Trent,news.google.com,2026-07-09T06:29:38+00:00,Severn Trent: On Track for Between GBP2.2B-GBP2.5B Capital Expenditure in FY27 - Moomoo,https://news.google.com/rss/articles/CBMixAFBVV95cUxNdkJtNW9wY1BodWJqR0hCSWdrNjF6ZTlLSWlOYjNyeThrUTZIcUI0SkpRbTV4bHNsX1JNQWpuUC1oaEhRdnh2X1Jia0ExVkZJSjRnVloyRDA5dFJtOV9GV3EtdU9yaUk0QmJIWURTSW1QSFU0MXlWMVYwQ0ZVZnkzS0h1dGtRY1RzY2JOdU1WOGdDWnRVdVZ1NWhfVWx4Z09mbG9LUjM2UnZmZzZnYWR6RHhoZ3hTMk15dDNzSE1IWjJpZmpT?oc=5,Severn Trent: On Track for Between GBP2.2B-GBP2.5B Capital Expenditure in FY27 Moomoo,investment_and_capex,
RELEVANT,7,Anglian Water,Water,Google News: Anglian Water,news.google.com,2026-07-08T06:02:02+00:00,Anglian Water informs market of £35M ground investigation framework - geplus.co.uk,https://news.google.com/rss/articles/CBMiSEFVX3lxTFByYkp3cHRBTkdBNzFIcGFSNEE5RDRSa1lsTnVMcEd2YV9DWHhpWkU3a2pTT1k4MXYwZmdlZW9tUEZfSi1pMksyOQ?oc=5,Anglian Water informs market of £35M ground investigation framework geplus.co.uk,regulatory_and_compliance,+1 other outlet covered this
RELEVANT,7,Anglian Water,Water,Google News: Anglian Water,news.google.com,2026-07-07T09:19:00+00:00,‘Unacceptable’: MP slams Anglian Water for withholding upgrade funds after investigation - Diss Express,https://news.google.com/rss/articles/CBMiowFBVV95cUxPald0MlBPdkpOY3VQeGo4UmlmU0FtS0kxWEpPOVJlUkdqQ0R4OTdRNUVIcnl5RUd6TEpVQzc1NXZwVy1sRk9VZjFFNl9vQkpGa180V3BMMHptU0hDX2g4d2N6enRBZExkWjFqZkhhQmM1T2JpSVVsbzZIaUZuY0FKQ05sZkJzT0FHUi1wcm9wc0R5VkhLejhvM3J1SXVRZmZpOS04?oc=5,‘Unacceptable’: MP slams Anglian Water for withholding upgrade funds after investigation Diss Express,regulatory_and_compliance,
RELEVANT,7,Yorkshire Water,Water,Google News: Yorkshire Water,news.google.com,2026-07-09T04:50:25+00:00,Yorkshire Water reports record investment as first year of £8.3bn AMP8 programme concludes - Water Magazine,https://news.google.com/rss/articles/CBMizgFBVV95cUxPdmxXb0RzajduOGlfT2FFSzNqdXlvT01rWmRFNHVCdmNWYXVmR3QyMVFWWDZlVkFpWHRsZDg0ZUlCQnVfeEFjbTczT3NTTUFKQ1V3MUxmVmFDelVYbDE0SVBVcUg5azJ4eDd5RHNoMXg2LS1HZ3RBRUxnRW45N21aRGduN1BwaGNYX0JBZl95SGFrenhqTjdjOFBhc0FPZDNiLWVPeW8wRmNCN1V2X1lnYkVJTU9WWWo1YlQ5X3FKekFwMWRSbl95NUhKbmVZZw?oc=5,Yorkshire Water reports record investment as first year of £8.3bn AMP8 programme concludes Water Magazine,investment_and_capex,
RELEVANT,7,Yorkshire Water,Water,Google News: Yorkshire Water,news.google.com,2026-07-10T08:22:32+00:00,Yorkshire Water Awards C£3.5 Million Amp8 Maintenance And Support Contract For Thickening And Dewatering Assets - megaproject.com,https://news.google.com/rss/articles/CBMi4AFBVV95cUxOT2llUUtma25xTy1JNklYN3VPOVpNOEV6UEZVU01keGQxM0JlVnJuN1hRU1c5U0NjSHJUaGRjRDNxWkpnUHd0MXEzdGhodUZSQnAzeTNSek43NUxMYkxuRGR2eFNfQ3dwTFhfd1ZYMGF6SlZyRUs2SWVGRy1acTI4VDFtb29xd3lGY0hTeEpWbEh1V1BGSVEtU3hQbGdkb2JpUlRTa3NneTJuWnFIOW85d3ZVTm1FRE5wVzAyUWdyejkwYnIzTjZaMHNTY2VMSllIYjFhTTFTRTVabFhadGZ6LQ?oc=5,Yorkshire Water Awards C£3.5 Million Amp8 Maintenance And Support Contract For Thickening And Dewatering Assets megaproject.com,investment_and_capex,
RELEVANT,7,Yorkshire Water,Water,Google News: Yorkshire Water,news.google.com,2026-07-08T05:00:00+00:00,Increase in pollution incidents brings disgrace to Yorkshire Water again - Yorkshire Post,https://news.google.com/rss/articles/CBMi0gFBVV95cUxQWjZUSmtEbV90R2NnWDNqWVhDQzNjSjFDMUZTeU9GS0tyNE1CTWU4dzBhOHQ5YXlFM29Ha1Uzc1kzS29mdUxnTHd0Z1VqNWM3dDFjZ3hRaXFjY1huTW02RHBxa3NOeE1GQ2x4Ri0yQjJnVnpmUGt3SmY4aUpHOE51eXRwLUtmMXRNbl9ycXVfLUpmS2VaZVVSRk5zZVZQTUVTS3hDMm5DejhFVk1lcWZxM0N3a2JrNXFxR2hyNGc2YnF6bDg1SThsMnJVX3E0Z2hlVWc?oc=5,Increase in pollution incidents brings disgrace to Yorkshire Water again Yorkshire Post,customer_and_service,
RELEVANT,7,Yorkshire Water,Water,Google News: Yorkshire Water,news.google.com,2026-07-07T14:41:24+00:00,Yorkshire Water company to be downgraded after major failures - BBC,https://news.google.com/rss/articles/CBMiXEFVX3lxTFBoSWNESm93a1JxSUVGR204MTdRRjAtS21kdTVoVUY0bnNOSVpCU0pvbndrYW45X2k3REJwTUpIT2sxY29kc0J5TlNTWGdlQ1hEWHdwTGFuVURRa1Fz?oc=5,Yorkshire Water company to be downgraded after major failures BBC,financial_distress_or_crisis,
RELEVANT,7,Yorkshire Water,Water,Google News: Yorkshire Water,news.google.com,2026-07-07T10:12:24+00:00,"1,200 staff recruited by Yorkshire Water amidst £8.3bn investment programme - TheBusinessDesk.com",https://news.google.com/rss/articles/CBMixwFBVV95cUxQM0JVVTZjR2dSZ0xLNHFtRWVMRFBUdU5yM2lyZkV4UlZmaWhGYjhXbUVxaFhxR3loa1RBWWNzYlFEQWsyOVdjcGpFWU9tYTIzLUJ6UXpKVTllZkVzVmZLZjR3V29wZnlWdTNVS0xQYTRELWpDVXBvNU0xWGlOQUJMUGgzMXVQY1RsVW5Md0dIM1RBMU9mb1BaZ25CNFlCbTB3SzdjeVBlYVRnZnpjMDQzVmR0MEVBNEhKRU5kN0hGbW51TmtYMTZF?oc=5,"1,200 staff recruited by Yorkshire Water amidst £8.3bn investment programme TheBusinessDesk.com",investment_and_capex,
RELEVANT,7,Yorkshire Water,Water,Google News: Yorkshire Water,news.google.com,2026-07-07T06:49:00+00:00,Revenue rises at Yorkshire Water but pollution incidents also up - £8.3bn of investment being made over the next five years - Insider Media Ltd,https://news.google.com/rss/articles/CBMi9gFBVV95cUxQSFhVYVp5OGtFWVhQdkNlS0pDYmNEZlFUcWE5RkhLRFVIZldycWd3RnhCSmFSNWlTUmFrQlgtaDZ1UHJHaGVkUk82bDloVHJ6QWI3NnlEWWU3UlZycTJOR25vVTVvOEdFa2M1VThpTFJPbHNkQTlLcFNHbDVhWUYtOUV6eU10ekxRZ2JTRnRMT0o0Rmh1bjRmcjNGalJYS3JJYW9WRTZXejJiblNiSnhrd0pBRWVmZU9rbW1rV2V3bWtJS2JNQy03c0lyREhaRVZLcUh0dWNLektoRVZ2ZjI4d3VxQmZoZDI0X0dQZ2JhMmtxcl82dXc?oc=5,Revenue rises at Yorkshire Water but pollution incidents also up - £8.3bn of investment being made over the next five years Insider Media Ltd,customer_and_service,
RELEVANT,7,Northumbrian Water,Water,Google News: Northumbrian Water,news.google.com,2026-07-07T17:28:05+00:00,"Northumbrian Water to pay out £550,000 after two North East pollution incidents - Chronicle Live",https://news.google.com/rss/articles/CBMimgFBVV95cUxNUFotb3htcVR4ODFocV9wTGhkU2pkZ3lqOWpnbUp6VmhjWkZhM25HUWpsWk4xanAtc3ZvOFAtMzRXanBvcVZqcnFFdDhWNmhneHpPd1M5c0FramoxTGpHWGE4ZVVBblRnUWpqcVcwZXBPcUZ3eGdEWXo5Rk92YjNROTFodlVZbl83V1pqcGdOV3JLaTFMUC0wV2tR0gGfAUFVX3lxTFBkMWZURjBXeWZ1ZFhXS2wzU1FWeC1hUEcya21YWDY1ZzhpcG5XbVdNR2c2R3pQVXk5OG1MdWJMX2l2Yk9HdDNkUWNGUUZTOUNja1NCUmhOb3lHM0ZTMURUM1E0eHBFR09sVHd2bnpMckNjTFp4TDM2M3YwOWVzMDV1X09qUTJSMTd4RWdxUjVIRVZOWVRIMWRUdWswbm5rTQ?oc=5,"Northumbrian Water to pay out £550,000 after two North East pollution incidents Chronicle Live",customer_and_service,
RELEVANT,7,South East Water,Water,Google News: South East Water,news.google.com,2026-07-10T14:41:00+00:00,Eastbourne and Polegate water outage: taps should be ‘flowing as normal’ as South East Water says issue is resolved - SussexWorld,https://news.google.com/rss/articles/CBMihwJBVV95cUxPTHhGb1RiaklzRzdPU2g5bjhpRFRWU1pseXBVMWtrY2drRDZkc0dvSFhQeXhJUkZZV3A3QUVDc3NkdkNEYjZOTDE5bGtKUmZwLVhLbXRiTjdaMEVwbXlURFN5V2hnemV5eXJHVWtrUFJGRHdaVWVCRkFVbmlYRTFWOFhfWlBQMXF6WjVkeHBGS3Y0bmNjdTI5TDBUc1hqUzdMaGZwS0hWT09QaE5tbXBpZDlaLU1RNE5OTmI5QVU3ZFV1ZmF0VUZGaHlKbTNsTmxNSkVOeTFING5XQXcwWlhwVHBZcG9DYjIxeW1aSGdyVms5aWw1OWZDUFJaSDZ0d1JZT09nbTZYSQ?oc=5,Eastbourne and Polegate water outage: taps should be ‘flowing as normal’ as South East Water says issue is resolved SussexWorld,customer_and_service,
RELEVANT,7,South East Water,Water,Google News: South East Water,news.google.com,2026-07-09T12:30:23+00:00,South East Water launches dedicated support for livestock owners during outages | ITV News - ITVX,https://news.google.com/rss/articles/CBMiwgFBVV95cUxPRWtOeUZSa0h6cm5uNjNjeW5NVnRBdkRXTXl3dzVpb05lSVZwOUx4V01fUXpySTNjNHE1bzdWVjFGNC1UMlBrSkJKRkpvaUJKQlktak5pV0I5Q0hEQVR2aVZ3T2laNl8wOGdZRlF3Q2kwd0RMQ09Td3V0LTlzb1VkSUZCTnphN2d5UzBDUU9nR1dlOC03OF9wdklWS1V1bkw1LVRBcHEyMUU3U2dyTlg2eklDSFNhRDBYWkRkNmd3Y3pIdw?oc=5,South East Water launches dedicated support for livestock owners during outages | ITV News ITVX,customer_and_service,
RELEVANT,7,Vodafone,Telecoms,Google News: UK telecoms,news.google.com,2026-07-09T02:15:17+00:00,UK still has Europe's worst 5G a year after VodafoneThree merger - Light Reading,https://news.google.com/rss/articles/CBMinAFBVV95cUxOb2RNWXpZcDFiMkpRRFptc0pzSVpMVEI2ZmowdEYwcXZESjFRUFY5TEJoRmxFWk5ySnRlaWdQZ1lvR0QxMWwtcEEzNUdnM28wRndQS3A1SURmMndwY3J4SVcyU254REtqYzNRbGEzY1pkZG1FTFNhTk9ldjJfbXhUXzF0RV8xZ3d5cnpERXhlcTBuQ2JMU1FFMEpLVVI?oc=5,UK still has Europe's worst 5G a year after VodafoneThree merger Light Reading,ma_and_corporate_activity,+1 other outlet covered this
RELEVANT,7,DCC plc,Electricity,Google News: DCC plc,news.google.com,2026-07-07T00:26:07+00:00,J.P. Morgan SE Reports Shareholding and Short Positions in DCC plc per Irish Takeover Regulations - Kalkine Media,https://news.google.com/rss/articles/CBMi2gFBVV95cUxQdG56ZG5nQk0yZFVfQU1hTHNNLUU5YTZoVFgwVlFDeWl5ZHRQNWprbUdCdy1FY0puUjRVblBieG13OGprSU9ZM0x1cDljRE1GaExnQlZJczNHUTJlNGNRVFlrcWVPaTRIS2tHQmJlbVBKRWtmN2xUMkxqRkdGTmRzQUMxeVR2YkxCZHg0Nk03MVVmYmMtSmtvWjExeDdMOVJvZG5zTE9hQUFVc3RRYWNRMDVtT0IydzQ5WlFUUXJ0dlZDUWphSUdON0FkQi1QR0Z0LTZ3X2RTT1lJZw?oc=5,J.P. Morgan SE Reports Shareholding and Short Positions in DCC plc per Irish Takeover Regulations Kalkine Media,ma_and_corporate_activity,+4 other outlets covered this
RELEVANT,5,Severn Trent,Water,Google News: Severn Trent,news.google.com,2026-07-09T06:18:43+00:00,Severn Trent on track for £50m performance target as capital investment surges - TheBusinessDesk.com,https://news.google.com/rss/articles/CBMikAFBVV95cUxOaDlfSzhzQkw0UFJQLWpQWVRTa1JITFRPX0QxX3pMLVViRnFoa0N4SVVmTzNBd1d1TmV2TFpPN294anh5RndTUTh4YWVJbGU2QmRpNXh1Y2FvUi1Ea2tUUXV2b2NWblhabVIzUUtMVmxTNHQzN0k2S25nSDZVRVl4NHlFOFltR0VIaE1DMEExZlU?oc=5,Severn Trent on track for £50m performance target as capital investment surges TheBusinessDesk.com,,
RELEVANT,5,Severn Trent,Water,Google News: Severn Trent,news.google.com,2026-07-09T06:33:00+00:00,Severn Trent’s capital programme continues “at pace” with £440m invested in first quarter - Insider Media Ltd,https://news.google.com/rss/articles/CBMixwFBVV95cUxOSHk5d01qMDlBSE9IZy1vZG9tRHItTklfcU9oQ29ySmdTSWhjZUlUTlBWZGs1N3VhY0JidTd4TEJ5T2pCaDZEczh1enF1MWNERl9vMGpMN2pQdFZSQXhfZ0RmVHJWOFI2T0YzN3ZkZHRSanJ2a2ZJdVV5UFhNRUJsZ29GaWlXdkFSal9yYW1KNy1NR09GSUlNalZrSFYweUdlWGx4cUZWd0ZGRzM3Z0tCOXMyQnk4c3p3N0pkS0owM0xkNm5xbWVz?oc=5,Severn Trent’s capital programme continues “at pace” with £440m invested in first quarter Insider Media Ltd,,
RELEVANT,5,Anglian Water,Water,Google News: Anglian Water,news.google.com,2026-07-10T03:44:26+00:00,Anglian Water hosepipe ban for East of England - UK's driest region - BBC,https://news.google.com/rss/articles/CBMiXEFVX3lxTE9rRFZyM1R6Y2hxd0tmcndMZXlKalZySjc1b1dfbXFaUklNb3lKT1hZLXlkRUF5WWhONFA5MHVraG9odUk0NnFfMFJrSV9kUExGZ2RicjZWdEMwTzhQ?oc=5,Anglian Water hosepipe ban for East of England - UK's driest region BBC,,+1 other outlet covered this
RELEVANT,5,South Staffs Water,Water,Google News: Anglian Water,news.google.com,2026-07-09T14:14:04+00:00,Hosepipe ban in place for Cambridge Water users - BBC,https://news.google.com/rss/articles/CBMiWkFVX3lxTE56cVVrWGZaWDFYNkxobmlZekJ4bUFZcVl5Z0pYNFRJUUFsX3JHTlZUZVhqLUZLUWoyb2RHQTJSYkJSd2hOdk1tNUpEN00tNkZaNlhXSlRUdTRmZw?oc=5,Hosepipe ban in place for Cambridge Water users BBC,,
RELEVANT,5,Anglian Water,Water,Google News: Anglian Water,news.google.com,2026-07-06T15:20:30+00:00,Anglian Water 'can't rule out' hosepipe ban - BBC,https://news.google.com/rss/articles/CBMiXEFVX3lxTE9ySktWOThYVWJSVHJKdjZvekNtb3IycDByNVJKN2cwSWNMNkh2aHRFczB0czZLVnVLcnBtQlUwcnRlVkZfSnpweG55U1FtUnQ5ZklnS0pzNGlmMG4t?oc=5,Anglian Water 'can't rule out' hosepipe ban BBC,,+3 other outlets covered this
RELEVANT,5,Affinity Water,Water,Google News: Anglian Water,news.google.com,2026-07-10T15:32:21+00:00,Affinity Water hosepipe ban after demand rises - BBC,https://news.google.com/rss/articles/CBMiXEFVX3lxTE00ak5xX2pBQTFlY0JjXzZUdzJYYjZuUUJwRzVLd3dfeU5BdHFvYWhyRzRtS3lSOXV2NjBMZW1raTdJWWRXY3Y1UGlybUlLeVFacmRCQTlDaEc2ektk?oc=5,Affinity Water hosepipe ban after demand rises BBC,,+1 other outlet covered this
RELEVANT,5,Yorkshire Water,Water,Google News: Yorkshire Water,news.google.com,2026-07-13T06:00:00+00:00,"Yorkshire Water paid us £6,800 by mistake – and said to ‘enjoy’ the money - The Guardian",https://news.google.com/rss/articles/CBMihwFBVV95cUxNNzJmRklXN2J4OUNRYjM4cWNESE9GRDdoWHhqNEJzZllodlR4OHNmRE5zWnJjWlM4ZzNQOWJLaVNrNXIzYUtPUUZQU3BrcjJ5WDl5YTk1QnpJR1pKdGRtaW5HajZNdHdkajcyZFU0UVBRdjNTeldOdTRzeUpsUUZNTUFVaU5OeWc?oc=5,"Yorkshire Water paid us £6,800 by mistake – and said to ‘enjoy’ the money The Guardian",,
RELEVANT,5,Yorkshire Water,Water,Google News: Yorkshire Water,news.google.com,2026-07-11T16:30:51+00:00,"Yorkshire Water Pays £50,000 for Peak District Nature Project After Reservoir Breach - Kirklees Local TV",https://news.google.com/rss/articles/CBMitwFBVV95cUxPWlljWlNYVVZSbG9nRW90c0pNSWc5aDB2dXNmdkxLSUsxemdYbUtKTnFqLTFKTzB3aXJEMldsLXpIXzR1ZTZzTVlvU2QwR2Vndi1fdVViTEtIczI3MGQ1bzAtVnpFWlptNFRIaWdiVTlqcWlwXzRGNE5SVVUwR3B5ZW9rMmxGMlV1NmpGN1dtLV91cnhqSDdSY3hPbE1PRTRfQWdUSGJFMFdrNzZmUE9yMGFCNnd0aDg?oc=5,"Yorkshire Water Pays £50,000 for Peak District Nature Project After Reservoir Breach Kirklees Local TV",,
RELEVANT,5,Yorkshire Water,Water,Google News: Yorkshire Water,news.google.com,2026-07-07T12:40:00+00:00,"Yorkshire Water CEO Nicola Shaw 'rejected £562,000 bonus' - but potential payout risked ban - Yorkshire Post",https://news.google.com/rss/articles/CBMi0gFBVV95cUxQUTVBQnBPT3N0UnpSa1dyRkFJdkZZcDZlb19ZUjNqSGlYVENBYlREUy12aGdvRUpXamxoTzNyUEtGczhlT1c2TklKV2lKNVNvd3p0LTRyZ2JYb2YwU2h2cUowYl9HVnNJU2RHOEpTREdGMkRha21EMUpVNWhWS1FrS3doczktamNuTmEyVlZQN3Bob3BaLVNGZ1pHNGM2clctazdzUlM3bEREcGlzM05Ob044Z0MzaHVKcHQ4a0h5ZWhKTlkxZnhsR3p2YmZnZFA5cmc?oc=5,"Yorkshire Water CEO Nicola Shaw 'rejected £562,000 bonus' - but potential payout risked ban Yorkshire Post",,
RELEVANT,5,Yorkshire Water,Water,Google News: Yorkshire Water,news.google.com,2026-07-07T11:46:00+00:00,"'Not performance-related': Yorkshire Water boss Nicola Shaw will keep getting offshore £660,000 payments - Yorkshire Post",https://news.google.com/rss/articles/CBMioAJBVV95cUxPYWcwa0RyZElBM2xaV1NkT01sYmZBOVRYbnBqVm5EVnpyU1dBajBieEM5bkZxbXdYbVNabVY1NjRBT01neGFmY0JWYVJNOUpsSlhTRW9iQmtOYjJJTnhRQXRXclVmeWFyZ3VPc3FVZS1YUmFrVnFFdTRBZ3g4c1lhTmhqVmJCaGNxaHJ3MnJ1dkxUMUJPWnY4YmRnTVEwVWlub1NJU3I3bG5YT2lmdVFUM29lWmdZMXVGcWdILThKRzROeVVHMUx3Rkd5YVhMb05ZUFZVaEx4WkR0U2g5eFdxR2s2ZkhUSHlJcXVpZGhNd0JxdzVSQk1KNGtNbFhHWnY4YnRibi1QZVA5SElmdDRPbE5vVXpmZkhpOFFYVTd2SWI?oc=5,"'Not performance-related': Yorkshire Water boss Nicola Shaw will keep getting offshore £660,000 payments Yorkshire Post",,
RELEVANT,5,Wessex Water,Water,Google News: Wessex Water,news.google.com,2026-07-07T12:18:06+00:00,Wessex Water raises Poole water recycling project cost to £287 million - Smart Water Magazine,https://news.google.com/rss/articles/CBMiwwFBVV95cUxOd3ppRUdGSHMxbUhudVlYY1lTTjVOc2JOZGRVN1VldnFMOVZSV3NDOURwY2pGdFE1MVNzU0lBUmd1Z1U2SWpqcEVTUlV4WnlRMkRrTm52UTNZMFdvWGh4aTlBdmxKX1BXZ2ZpOHFBTmRMdjJFWHhMU3RfRFQzNkh3T0RwR3ZOeDlTSVpXWXRhaFV3Vng1SUpBQnF0c1RBaHo1b19jaXFnMm9OOWVvaHM5dUJ0Nzh4V0NuZUZJVGlvVndoRWvSAcgBQVVfeXFMUEdxUW1IMG5KdEFaYk1HcG0tdncyV1NvOVBRNVVnejJFbWY0bGJ1U3hEZ3dKdlUycnJXOEoxQklXdWhIb2hFQmFXYk1ZREduZ1JYWmMxaXF0V0tfbkNQRGxxOXg2YnJVa3hQanVibUZfdENaQWlfcWpRalZsTEM4Z2g2REpXV083dWVzcnNOc1prWE14VVZOdjQySlBaRlVoa1RhNGhTSlFUWkZvVDBhZUpJQ2hiYnZsRm5OMi1SQ0U0ZGRadWFrYlA?oc=5,Wessex Water raises Poole water recycling project cost to £287 million Smart Water Magazine,,
RELEVANT,5,Southern Water,Water,Google News: Southern Water,news.google.com,2026-07-12T13:42:12+00:00,Southern Water promises Thanet customers £30m network investment - BBC,https://news.google.com/rss/articles/CBMiXEFVX3lxTE9TSS1IQllfT0hCRW5zZnBMNGkzQnNyZldRNWowU3EyRVJoQ1ZGdExIemRGc2ZKMjRqWXhvOTZLR3Y5UlRoMXZ6cGNaUkFNVG9IRDdGby11eWdhUFF2?oc=5,Southern Water promises Thanet customers £30m network investment BBC,,
RELEVANT,5,South East Water,Water,Google News: South East Water,news.google.com,2026-07-10T14:56:44+00:00,South East Water unveils £50m treatment works in Aylesford - BBC,https://news.google.com/rss/articles/CBMiXEFVX3lxTE80cVFWVUtqaTJlY2JUUmdVUEllaGVRenJTTXVMOXlfeFZDX2NNZmU2LTRCbzl2dGJrekVncFNZbWU3LWJuYXBvT3Vrd1d5OFQ0d0dFTVBBbUVqUHBL?oc=5,South East Water unveils £50m treatment works in Aylesford BBC,,
RELEVANT,5,South East Water,Water,Google News: South East Water,news.google.com,2026-07-10T12:46:28+00:00,"South East Water apologises as shortage affects 1,400 Ditchling homes - BBC",https://news.google.com/rss/articles/CBMiXEFVX3lxTE5sMmdOelNUd3g3ZVpqdWZ1dExkQldLRlNuVTlyU2tCYmRFSXE3VDZWTUYta1FNSTIwNmp1M3JYclBoU3c0TFlIZlJtQWFubXRtbmV4dktjUVN0OS01?oc=5,"South East Water apologises as shortage affects 1,400 Ditchling homes BBC",,
RELEVANT,5,Welsh Water,Water,Google News: Welsh Water,news.google.com,2026-07-06T21:04:56+00:00,Welsh Water customers have higher bills or slower improvements choice - new boss - BBC,https://news.google.com/rss/articles/CBMiXEFVX3lxTFBOa3dpamRTSDE2RW5TZXAwaHdBcUNUMnVPSEFDUUU0UFh4c3hfUWoxMW1COEFnSjF5dUpZQU11Y0sxdV9LTUY3Tl95UF9HaGpmYXFIbXdHcVB4UU1V?oc=5,Welsh Water customers have higher bills or slower improvements choice - new boss BBC,,
RELEVANT,5,Welsh Water,Water,Google News: Welsh Water,news.google.com,2026-07-07T08:14:04+00:00,Welsh Water says customers may have to pay more to fix leaks faster - BBC,https://news.google.com/rss/articles/CBMiWkFVX3lxTE1tVlQ0ZTN6a29OR2Y0TURCZUNPQ3lEQTEySzlWaTBLcjdFSzRSQTV1aG5fem45S2I1b1o0WG1uLWcyWTh1cGRqdzVUX19sdzRNNDdFd1VZRlJ3dw?oc=5,Welsh Water says customers may have to pay more to fix leaks faster BBC,,
RELEVANT,5,NI Water,Water,Google News: NI Water,news.google.com,2026-07-08T12:00:00+00:00,One leaky trough 'can add up to £200 per week' to farm's bill - NI Water - Agriland,https://news.google.com/rss/articles/CBMipwFBVV95cUxOcHdCWWJxSDdxTTNHMWxOS1dVaWxHV0I4bDEyU2I1TVhEOTVCQkxTZUNfQ3pvU0huLVg0M1hxNW4ySXVjT19tamJDcUhGYnVpaEZPUUJoeVJwUS1vdmQzMEtjWHRZelppZ0h5a1VGcFNFVll4bXF6dlludUctMk1iRVRNVVRyOHhUX0NrUlM3Vk93d05mSmQ0Z1ZYa20yRFYwak91TU8yVQ?oc=5,One leaky trough 'can add up to £200 per week' to farm's bill - NI Water Agriland,,
RELEVANT,5,RWE,Electricity,Google News: RWE,news.google.com,2026-07-07T06:44:00+00:00,"Google, RWE back Proxima Fusion in €411 million financing round - Reuters",https://news.google.com/rss/articles/CBMipgFBVV95cUxPN1FsQTdBbkwwMzkxNmpmT3NpaDBOS0MyMUl3WkRpOEJuOFBuTV9HOVFWa2JldGRONTFUX3pvbjAzQWl5ekdnSXU2X3Z6VzNaSjd2SDNrOHZvQ1JVWGw4cnZBNWhoeHNrS296dHNncno2MkFLRVVfNnJBY256aUhBcmNGWGxfdUlheUZKYkFmd3BZbDdqVENreFc3bVg1ZzBIMVVJMWh3?oc=5,"Google, RWE back Proxima Fusion in €411 million financing round Reuters",,+1 other outlet covered this
RELEVANT,5,Vodafone,Telecoms,Google News: Vodafone,news.google.com,2026-07-11T17:00:00+00:00,Why a French billionaire is backing Vodafone to fix notspot Britain - The Times,https://news.google.com/rss/articles/CBMi0wFBVV95cUxOaU0xa1h3Vk5XbkFvV2lkSXFPNVQ4eTNRRjFMMzNWS21wdUdyelJmM0h6X3pLdmpuaWJrNzV0OGFWUGpaeEtLSnEzUGFJWno2S242QUo4c3NtZFg5bXBET0JuUWphc2J5YVRLNDFIWlNIbmxpWUliOW9DYURpdTljYlFTZ0pPRFJwYTVscDV5QzdoWFQ1a01FbnFsU0J1MHZldFM4cmNwLWFIcm12VnpFUG1uWmRTOUJzdF9KTXQyeXBpR3RCQnlxQTRjQ0c3cVBNR29Z?oc=5,Why a French billionaire is backing Vodafone to fix notspot Britain The Times,,
RELEVANT,5,Vodafone,Telecoms,Google News: Vodafone,news.google.com,2026-07-10T16:40:00+00:00,French telecoms tycoon to become Vodafone’s biggest shareholder - The Times,https://news.google.com/rss/articles/CBMilAFBVV95cUxNU0c0TzBoZTdfNWFVV3RlLTlKdXZVbnNlS1dEUS1NU3lxU1ViSUctVmhuZkUxT3ZBOFI4VW15LVltMVV3WFNIUllZbjhnYWYxVDdzMjVONXpnX3JLYTRZU0wybTBoMWdPa3VpT3JoMjVrNHR2RWVUU3dVZ1RvY2J0VENzUTVNQWxMaXNIRUdmbGZoUkpO?oc=5,French telecoms tycoon to become Vodafone’s biggest shareholder The Times,,+2 other outlets covered this
RELEVANT,5,Vodafone,Telecoms,Google News: Vodafone,news.google.com,2026-07-10T09:24:00+00:00,Vodafone Shares Surge After French Billionaire Xavier Niel Becomes Biggest Shareholder - WSJ,https://news.google.com/rss/articles/CBMivwFBVV95cUxPT0FzMnc1dkJKaldiUzJhbUZvRGVPVW1zdEtIdzIwckVtZXZKVWdkazhaZVdsRTVOa29ITXdjcVduWnJIa3lyMEZ1QVZPcEJPTE9ZS2p3M2ZSTm1PdE1veGpjd3hwZFdKUTFFNHlKOGVyeHJkelBVcHlOM1YyTFEwTkJLcTliZkJMbGN3QUpteE9wcmxrV2dWOVFlSWJNSTNRa055RzgxYkNVWTgwcjlyZVRJMWhTOTVkTXEzWUUwaw?oc=5,Vodafone Shares Surge After French Billionaire Xavier Niel Becomes Biggest Shareholder WSJ,,+2 other outlets covered this
RELEVANT,5,Vodafone,Telecoms,Google News: Vodafone,news.google.com,2026-07-10T06:50:00+00:00,Xavier Niel family group agrees £4.4bn deal for major Vodafone Group stake - Insider Media Ltd,https://news.google.com/rss/articles/CBMiqAFBVV95cUxPWHZGV0dxMTNFOWdNNmtuWjgtMGFrVHg3b3l3SG5BaHJBYTFUa1dSZDVxLXQ2NHFlNnI3akVoZUR5SDFaSzVKUzFtQVJqNHFsamE3U0xEa3ZaYU5vMHZkclVUQVJYSXEyV096X3RrVVJkVTZJVGNoQTlpUUFFakJHZS1YMFEtdmNCNHkxd202c3FzS2VrcGpMWlBNbTUwS0FKUEItaS1HY1Y?oc=5,Xavier Niel family group agrees £4.4bn deal for major Vodafone Group stake Insider Media Ltd,,
